nt,method,risk
250,SR,0.85614123
250,DR,0.475665921
250,ACW,30.34615654
250,COKE,0.249609455
250,RLearner,0.301684891
250,SR,0.644370911
250,DR,0.888749019
250,ACW,1.143271232
250,COKE,0.276068167
250,RLearner,0.424805231
250,SR,0.521161079
250,DR,0.711196308
250,ACW,0.580787664
250,COKE,0.476003649
250,RLearner,0.619924865
250,SR,0.658157467
250,DR,0.722430297
250,ACW,0.449753212
250,COKE,0.509196938
250,RLearner,0.255429575
250,SR,0.672807144
250,DR,0.736109886
250,ACW,0.530813884
250,COKE,0.239086308
250,RLearner,0.494000274
250,SR,0.481570392
250,DR,0.607958554
250,ACW,1.190691038
250,COKE,0.269495051
250,RLearner,0.541576706
250,SR,0.741423398
250,DR,0.600873937
250,ACW,0.463256009
250,COKE,0.278025671
250,RLearner,0.217377548
250,SR,0.590639597
250,DR,0.632353698
250,ACW,0.894888121
250,COKE,0.305478138
250,RLearner,0.505724653
250,SR,0.745829683
250,DR,0.88868357
250,ACW,0.365082558
250,COKE,0.342909555
250,RLearner,0.407709734
250,SR,0.475636318
250,DR,0.435763201
250,ACW,1.539315931
250,COKE,0.261588574
250,RLearner,0.399744494
250,SR,0.782123061
250,DR,0.248451288
250,ACW,0.775776717
250,COKE,0.184914022
250,RLearner,0.388292697
250,SR,0.707539765
250,DR,0.283676895
250,ACW,4.90223423
250,COKE,0.373947824
250,RLearner,0.376705245
250,SR,0.54033173
250,DR,0.566713729
250,ACW,8.341794649
250,COKE,0.284491061
250,RLearner,0.33766453
250,SR,0.701490084
250,DR,0.864317808
250,ACW,7.318115712
250,COKE,0.322071797
250,RLearner,0.466763447
250,SR,1.151460048
250,DR,0.441107925
250,ACW,84.87357108
250,COKE,0.266862874
250,RLearner,0.334090373
250,SR,0.478614989
250,DR,0.798469884
250,ACW,0.667001362
250,COKE,0.173662859
250,RLearner,0.381923153
250,SR,0.663168092
250,DR,0.503731033
250,ACW,0.603080155
250,COKE,0.349293235
250,RLearner,0.45886661
250,SR,0.471656532
250,DR,0.651166007
250,ACW,9.378719723
250,COKE,0.253698909
250,RLearner,0.440137912
250,SR,0.517944331
250,DR,0.344710686
250,ACW,0.37784722
250,COKE,0.2560386
250,RLearner,0.54307417
250,SR,0.751611123
250,DR,0.316239578
250,ACW,0.972651617
250,COKE,0.342412945
250,RLearner,0.311293198
250,SR,0.618919642
250,DR,0.480534936
250,ACW,20.09464449
250,COKE,0.389410548
250,RLearner,0.361108683
250,SR,0.662271406
250,DR,0.544860646
250,ACW,0.540872038
250,COKE,0.215885639
250,RLearner,0.427530104
250,SR,0.489936926
250,DR,0.323264861
250,ACW,0.452423243
250,COKE,0.230656404
250,RLearner,0.256750476
250,SR,0.624736787
250,DR,0.42780015
250,ACW,9.551714241
250,COKE,0.284313918
250,RLearner,0.205891494
250,SR,0.82464494
250,DR,0.30248069
250,ACW,0.887550221
250,COKE,0.275035725
250,RLearner,0.452087885
250,SR,0.427346206
250,DR,0.81054572
250,ACW,1.577027399
250,COKE,0.311293799
250,RLearner,0.483471001
250,SR,0.559337733
250,DR,0.564786317
250,ACW,48.062563
250,COKE,0.207546297
250,RLearner,0.275429589
250,SR,1.106178672
250,DR,0.458842133
250,ACW,0.473873851
250,COKE,0.269747339
250,RLearner,0.442368786
250,SR,0.488255126
250,DR,0.416328905
250,ACW,2.405108803
250,COKE,0.294145426
250,RLearner,0.464807055
250,SR,0.508997174
250,DR,0.643012782
250,ACW,3.189597586
250,COKE,0.305331313
250,RLearner,0.479062924
250,SR,0.839467883
250,DR,0.663687337
250,ACW,0.245372749
250,COKE,0.28580493
250,RLearner,0.392789467
250,SR,0.917222552
250,DR,0.715390729
250,ACW,26.30871345
250,COKE,0.560874483
250,RLearner,0.324779281
250,SR,0.530369023
250,DR,0.456191106
250,ACW,13.86727799
250,COKE,0.222227586
250,RLearner,0.427710549
250,SR,0.652511296
250,DR,0.523665997
250,ACW,0.343276578
250,COKE,0.242085566
250,RLearner,0.310382874
250,SR,0.551750642
250,DR,0.654975643
250,ACW,6.132982677
250,COKE,0.217242291
250,RLearner,0.236721373
250,SR,0.745257682
250,DR,0.468681615
250,ACW,4.25351566
250,COKE,0.378695026
250,RLearner,0.684318953
250,SR,0.469480902
250,DR,0.370073492
250,ACW,0.644681805
250,COKE,0.278676617
250,RLearner,0.554259307
250,SR,0.381296875
250,DR,0.453610021
250,ACW,1.718302302
250,COKE,0.208149531
250,RLearner,0.298783666
250,SR,0.514502531
250,DR,0.37387362
250,ACW,19.97273761
250,COKE,0.254631357
250,RLearner,0.326360211
250,SR,0.380514474
250,DR,0.696056047
250,ACW,9.315509061
250,COKE,0.496601067
250,RLearner,0.642903511
250,SR,0.700396916
250,DR,0.613651959
250,ACW,0.814446764
250,COKE,0.237180323
250,RLearner,0.737531643
250,SR,0.443123505
250,DR,0.709298875
250,ACW,0.489183952
250,COKE,0.27099609
250,RLearner,0.372805065
250,SR,0.532657431
250,DR,0.503766124
250,ACW,9.478455401
250,COKE,0.361536419
250,RLearner,0.336803558
250,SR,0.670476627
250,DR,0.451935483
250,ACW,7.277405775
250,COKE,0.237212459
250,RLearner,0.262674508
250,SR,0.600400144
250,DR,0.713016245
250,ACW,6.628656019
250,COKE,0.384426855
250,RLearner,0.627710742
250,SR,0.909530236
250,DR,0.618483644
250,ACW,6.21012534
250,COKE,0.248605374
250,RLearner,0.282563061
250,SR,0.791729875
250,DR,0.715531903
250,ACW,49.77153903
250,COKE,0.485769722
250,RLearner,0.361748614
250,SR,0.498938313
250,DR,0.492610441
250,ACW,1.357577407
250,COKE,0.200518934
250,RLearner,0.228010354
250,SR,0.520789074
250,DR,0.515833056
250,ACW,12.1178839
250,COKE,0.232625525
250,RLearner,0.537448592
250,SR,0.734628101
250,DR,0.613891307
250,ACW,3.404575233
250,COKE,0.297089788
250,RLearner,0.478377961
250,SR,0.493532511
250,DR,0.703869736
250,ACW,0.845848561
250,COKE,0.392428774
250,RLearner,0.566232246
250,SR,0.893201272
250,DR,0.513681083
250,ACW,7.448182774
250,COKE,0.259302426
250,RLearner,0.278575449
250,SR,0.747808161
250,DR,0.844187306
250,ACW,102.3026483
250,COKE,0.36641464
250,RLearner,0.375021805
250,SR,0.519761036
250,DR,0.458544949
250,ACW,0.716549471
250,COKE,0.228657626
250,RLearner,0.34832536
250,SR,0.521494198
250,DR,0.682180573
250,ACW,9.834101408
250,COKE,0.323157207
250,RLearner,0.755280269
250,SR,0.691916566
250,DR,0.383087395
250,ACW,52.92341139
250,COKE,0.204699844
250,RLearner,0.372750931
250,SR,0.499745968
250,DR,0.523086042
250,ACW,66.06974173
250,COKE,0.285181723
250,RLearner,0.366273655
250,SR,0.518617671
250,DR,0.408425772
250,ACW,4.224921005
250,COKE,0.365931025
250,RLearner,0.567536432
250,SR,0.371641257
250,DR,0.581147003
250,ACW,0.31398003
250,COKE,0.297319552
250,RLearner,0.321703728
250,SR,0.857019589
250,DR,0.452385741
250,ACW,0.525547643
250,COKE,0.280862943
250,RLearner,0.274731299
250,SR,0.570650433
250,DR,0.300238153
250,ACW,10.12148203
250,COKE,0.29916206
250,RLearner,0.369400882
250,SR,1.035211447
250,DR,0.368853514
250,ACW,2.526492813
250,COKE,0.409390967
250,RLearner,0.494532984
250,SR,0.53409261
250,DR,0.740597871
250,ACW,0.436924783
250,COKE,0.267146668
250,RLearner,0.268982101
250,SR,0.70636907
250,DR,0.291397143
250,ACW,3.180600051
250,COKE,0.286159221
250,RLearner,0.304587362
250,SR,0.492307877
250,DR,0.829676101
250,ACW,0.535696455
250,COKE,0.334693145
250,RLearner,0.672095483
250,SR,0.614469747
250,DR,0.416425667
250,ACW,2.037794617
250,COKE,0.265882268
250,RLearner,0.380511259
250,SR,0.632686997
250,DR,0.612601436
250,ACW,6.076781795
250,COKE,0.390589284
250,RLearner,0.500275444
250,SR,0.681531574
250,DR,0.323458686
250,ACW,9.484888739
250,COKE,0.423533707
250,RLearner,0.459760632
250,SR,0.821430021
250,DR,0.564146443
250,ACW,0.49258776
250,COKE,0.224707969
250,RLearner,0.346330421
250,SR,0.601265086
250,DR,0.491251673
250,ACW,8.398730131
250,COKE,0.442669268
250,RLearner,0.743231437
250,SR,0.907772664
250,DR,0.312738135
250,ACW,1.130220902
250,COKE,0.263187356
250,RLearner,0.71848379
250,SR,0.47106963
250,DR,0.36098944
250,ACW,5.445947752
250,COKE,0.290641847
250,RLearner,0.388667319
250,SR,0.329907819
250,DR,0.302366713
250,ACW,0.469490306
250,COKE,0.180160857
250,RLearner,0.275544651
250,SR,0.362374518
250,DR,0.728867444
250,ACW,0.528817452
250,COKE,0.314547552
250,RLearner,0.493629631
250,SR,0.369032295
250,DR,0.400302516
250,ACW,4.50775975
250,COKE,0.241901756
250,RLearner,0.431417338
250,SR,0.504938762
250,DR,0.397298528
250,ACW,1.851035902
250,COKE,0.291909907
250,RLearner,0.356303088
250,SR,0.813076033
250,DR,0.575283881
250,ACW,1.270140559
250,COKE,0.385208313
250,RLearner,0.419934116
250,SR,0.429837041
250,DR,0.589401269
250,ACW,4.972407355
250,COKE,0.211410174
250,RLearner,0.359031746
250,SR,0.742027805
250,DR,0.380166018
250,ACW,2.37843056
250,COKE,0.318849193
250,RLearner,0.447420361
250,SR,0.407102233
250,DR,0.484716598
250,ACW,0.579403355
250,COKE,0.243488149
250,RLearner,0.543487813
250,SR,0.726962369
250,DR,0.465318864
250,ACW,0.35459898
250,COKE,0.325011043
250,RLearner,0.399268443
250,SR,0.569807302
250,DR,0.700148181
250,ACW,0.503755306
250,COKE,0.431428888
250,RLearner,0.583953213
250,SR,0.522344996
250,DR,0.538737887
250,ACW,2.120675935
250,COKE,0.278916221
250,RLearner,0.418758916
250,SR,0.599955042
250,DR,0.587896117
250,ACW,1.33296345
250,COKE,0.35115986
250,RLearner,0.59634383
250,SR,0.606751419
250,DR,0.341559225
250,ACW,1.028449879
250,COKE,0.280620207
250,RLearner,0.386624806
250,SR,0.571022002
250,DR,0.619004038
250,ACW,8.577838849
250,COKE,0.255081912
250,RLearner,0.406077526
250,SR,0.454352033
250,DR,0.517260127
250,ACW,0.417468849
250,COKE,0.280543592
250,RLearner,0.253823043
250,SR,0.545907747
250,DR,0.572897861
250,ACW,34.72771498
250,COKE,0.256074767
250,RLearner,0.303027303
250,SR,0.782058142
250,DR,0.530932879
250,ACW,0.324679354
250,COKE,0.515221707
250,RLearner,0.506726787
250,SR,0.412131996
250,DR,0.498768485
250,ACW,0.321233168
250,COKE,0.208016129
250,RLearner,0.266383149
250,SR,0.750942243
250,DR,0.538897641
250,ACW,8.157979614
250,COKE,0.335985769
250,RLearner,0.369839986
250,SR,0.454836558
250,DR,0.45931264
250,ACW,0.470628921
250,COKE,0.480229588
250,RLearner,0.322849427
250,SR,0.474341111
250,DR,0.440661756
250,ACW,1.726665645
250,COKE,0.282216339
250,RLearner,0.376489003
250,SR,0.499415267
250,DR,0.4202425
250,ACW,9.569692183
250,COKE,0.312679364
250,RLearner,0.330704396
250,SR,0.735318224
250,DR,0.623299828
250,ACW,0.288224248
250,COKE,0.313864326
250,RLearner,0.42868474
250,SR,0.393039803
250,DR,0.438937408
250,ACW,6.004062084
250,COKE,0.229158418
250,RLearner,0.482899937
250,SR,0.476005234
250,DR,0.764223774
250,ACW,22.9965635
250,COKE,0.229168067
250,RLearner,0.375486663
250,SR,0.448730376
250,DR,0.68990558
250,ACW,2.857845737
250,COKE,0.42902405
250,RLearner,0.47187579
250,SR,0.668380116
250,DR,0.558887971
250,ACW,0.844951079
250,COKE,0.311128759
250,RLearner,0.330454851
250,SR,0.765611636
250,DR,0.375225937
250,ACW,4.66436348
250,COKE,0.203734779
250,RLearner,0.275986027
500,SR,0.657862393
500,DR,0.350093132
500,ACW,14.3338537
500,COKE,0.223388579
500,RLearner,0.387701649
500,SR,0.893864178
500,DR,0.309575606
500,ACW,22.42163299
500,COKE,0.16059899
500,RLearner,0.286275593
500,SR,0.619773025
500,DR,0.364687998
500,ACW,0.441395006
500,COKE,0.214884601
500,RLearner,0.253665919
500,SR,0.478554081
500,DR,0.228204385
500,ACW,3.578638894
500,COKE,0.218042552
500,RLearner,0.332922856
500,SR,0.735537439
500,DR,0.443381861
500,ACW,11.06358694
500,COKE,0.234549797
500,RLearner,0.293338065
500,SR,0.744115321
500,DR,0.564327008
500,ACW,0.315628964
500,COKE,0.216397527
500,RLearner,0.284879042
500,SR,0.499515518
500,DR,0.571218977
500,ACW,3.177320173
500,COKE,0.242604496
500,RLearner,0.386961583
500,SR,0.577265481
500,DR,0.447919316
500,ACW,4.107352745
500,COKE,0.241625552
500,RLearner,0.301269057
500,SR,0.950846367
500,DR,0.357023357
500,ACW,0.647698607
500,COKE,0.256576343
500,RLearner,0.224781498
500,SR,0.529855362
500,DR,0.267948481
500,ACW,0.56464858
500,COKE,0.266795409
500,RLearner,0.210234964
500,SR,0.788239279
500,DR,0.335782047
500,ACW,0.374951698
500,COKE,0.233931635
500,RLearner,0.310765399
500,SR,0.462435402
500,DR,0.337101962
500,ACW,1.050599099
500,COKE,0.221732012
500,RLearner,0.28015278
500,SR,0.543777697
500,DR,0.421111915
500,ACW,0.949914484
500,COKE,0.246109635
500,RLearner,0.224757275
500,SR,0.358112471
500,DR,0.573446549
500,ACW,0.320141597
500,COKE,0.185752856
500,RLearner,0.438401934
500,SR,0.550400567
500,DR,0.381802334
500,ACW,0.32589013
500,COKE,0.229070609
500,RLearner,0.265400096
500,SR,0.414685061
500,DR,0.441636903
500,ACW,0.649401148
500,COKE,0.267753935
500,RLearner,0.329923764
500,SR,0.439327387
500,DR,0.300564718
500,ACW,4.163556358
500,COKE,0.206691794
500,RLearner,0.180963839
500,SR,0.460462821
500,DR,0.405994249
500,ACW,5.38380247
500,COKE,0.273122568
500,RLearner,0.450897679
500,SR,0.345089743
500,DR,0.481287489
500,ACW,0.50828788
500,COKE,0.227500721
500,RLearner,0.430201177
500,SR,0.749850046
500,DR,0.316871756
500,ACW,4.001621644
500,COKE,0.219170976
500,RLearner,0.309370769
500,SR,0.349680408
500,DR,0.496428654
500,ACW,0.357173072
500,COKE,0.2055203
500,RLearner,0.268076892
500,SR,0.516642633
500,DR,0.313776859
500,ACW,2.250885004
500,COKE,0.292479432
500,RLearner,0.21680668
500,SR,0.440795682
500,DR,0.284149277
500,ACW,0.46605326
500,COKE,0.227812952
500,RLearner,0.273719341
500,SR,1.030006132
500,DR,0.324322431
500,ACW,0.24281016
500,COKE,0.272274408
500,RLearner,0.206315831
500,SR,0.636634589
500,DR,0.265985122
500,ACW,4.772384503
500,COKE,0.233135768
500,RLearner,0.23811932
500,SR,0.865096062
500,DR,0.332698508
500,ACW,1.561277999
500,COKE,0.367817801
500,RLearner,0.319039325
500,SR,0.573815252
500,DR,0.30083782
500,ACW,2.489498384
500,COKE,0.200013166
500,RLearner,0.262017758
500,SR,0.303432557
500,DR,0.363903778
500,ACW,3.445439063
500,COKE,0.169911831
500,RLearner,0.279074918
500,SR,0.823162161
500,DR,0.291789062
500,ACW,1.663138647
500,COKE,0.295293111
500,RLearner,0.324742548
500,SR,0.856973054
500,DR,0.523519305
500,ACW,0.507286248
500,COKE,0.245489804
500,RLearner,0.357982678
500,SR,0.305102433
500,DR,0.424160666
500,ACW,2.174394642
500,COKE,0.184345809
500,RLearner,0.330050935
500,SR,0.542711427
500,DR,0.397476682
500,ACW,3.353876857
500,COKE,0.273075428
500,RLearner,0.322493993
500,SR,0.402440086
500,DR,0.479736306
500,ACW,2.463908558
500,COKE,0.229789959
500,RLearner,0.346819494
500,SR,0.315987992
500,DR,0.450616139
500,ACW,12.51295191
500,COKE,0.180525163
500,RLearner,0.444515956
500,SR,0.853422167
500,DR,0.422140008
500,ACW,8.703266551
500,COKE,0.360634275
500,RLearner,0.454669876
500,SR,0.552882989
500,DR,0.28265589
500,ACW,0.369421382
500,COKE,0.179778558
500,RLearner,0.311697717
500,SR,0.745936697
500,DR,0.373877264
500,ACW,0.470022958
500,COKE,0.263282242
500,RLearner,0.2675055
500,SR,0.681786817
500,DR,0.433602608
500,ACW,3.766248862
500,COKE,0.299503842
500,RLearner,0.456250875
500,SR,0.596351055
500,DR,0.464223198
500,ACW,0.495818002
500,COKE,0.258310875
500,RLearner,0.299801185
500,SR,0.539320692
500,DR,0.249961949
500,ACW,1.269809519
500,COKE,0.179250201
500,RLearner,0.275544946
500,SR,0.28083773
500,DR,0.537825136
500,ACW,0.182993266
500,COKE,0.181497902
500,RLearner,0.296464731
500,SR,0.47861994
500,DR,0.404544204
500,ACW,1.925345911
500,COKE,0.195296952
500,RLearner,0.192223081
500,SR,0.559584219
500,DR,0.438248694
500,ACW,2.586561226
500,COKE,0.21335545
500,RLearner,0.308085537
500,SR,0.769400109
500,DR,0.217238328
500,ACW,0.391443373
500,COKE,0.290981171
500,RLearner,0.38174982
500,SR,0.370177503
500,DR,0.693667399
500,ACW,0.491782017
500,COKE,0.213682852
500,RLearner,0.410927758
500,SR,0.386888197
500,DR,0.407426958
500,ACW,1.06977323
500,COKE,0.170339238
500,RLearner,0.199547072
500,SR,0.735019944
500,DR,0.310317975
500,ACW,2.823407667
500,COKE,0.21795846
500,RLearner,0.295046605
500,SR,0.330332967
500,DR,0.448236915
500,ACW,0.237527467
500,COKE,0.186894091
500,RLearner,0.372775923
500,SR,0.772153667
500,DR,0.367462132
500,ACW,0.992777322
500,COKE,0.297430555
500,RLearner,0.323941568
500,SR,0.373106412
500,DR,0.475445282
500,ACW,5.971678542
500,COKE,0.257733918
500,RLearner,0.419829282
500,SR,0.276101236
500,DR,0.547498238
500,ACW,8.570767293
500,COKE,0.216033279
500,RLearner,0.445204888
500,SR,0.386313163
500,DR,0.276898
500,ACW,0.324782831
500,COKE,0.155658875
500,RLearner,0.281606495
500,SR,0.327608395
500,DR,0.363380081
500,ACW,35.26728398
500,COKE,0.318389552
500,RLearner,0.42993852
500,SR,0.445520008
500,DR,0.578900326
500,ACW,3.337234068
500,COKE,0.258946144
500,RLearner,0.355333249
500,SR,0.439205112
500,DR,0.704088626
500,ACW,0.553983314
500,COKE,0.275167054
500,RLearner,0.402350443
500,SR,0.456928576
500,DR,0.354581588
500,ACW,0.486101482
500,COKE,0.238255761
500,RLearner,0.373418691
500,SR,0.812194529
500,DR,0.388884397
500,ACW,1.165949463
500,COKE,0.250439924
500,RLearner,0.440620879
500,SR,0.444976105
500,DR,0.591776546
500,ACW,0.451737291
500,COKE,0.237075884
500,RLearner,0.357913378
500,SR,0.380281969
500,DR,0.403581161
500,ACW,0.442223018
500,COKE,0.189006156
500,RLearner,0.256227456
500,SR,0.450490279
500,DR,0.319306707
500,ACW,0.491627462
500,COKE,0.221075937
500,RLearner,0.26233106
500,SR,0.380049464
500,DR,0.646978161
500,ACW,29.72337099
500,COKE,0.249930642
500,RLearner,0.440520474
500,SR,0.384371361
500,DR,0.605925718
500,ACW,0.527333161
500,COKE,0.240968005
500,RLearner,0.411904039
500,SR,0.978134961
500,DR,0.294916183
500,ACW,5.63779695
500,COKE,0.232823644
500,RLearner,0.435803797
500,SR,0.555975087
500,DR,0.525303118
500,ACW,1.768741505
500,COKE,0.331001049
500,RLearner,0.41026034
500,SR,0.654490993
500,DR,0.35303079
500,ACW,0.657979723
500,COKE,0.31562443
500,RLearner,0.322319147
500,SR,0.42305283
500,DR,0.383712931
500,ACW,1.320714612
500,COKE,0.258824805
500,RLearner,0.605156185
500,SR,0.395086904
500,DR,0.475749338
500,ACW,0.485276091
500,COKE,0.299622166
500,RLearner,0.425831482
500,SR,0.406934089
500,DR,0.49038356
500,ACW,0.755538232
500,COKE,0.243841168
500,RLearner,0.22265299
500,SR,0.452977792
500,DR,0.594933725
500,ACW,11.92683042
500,COKE,0.292384924
500,RLearner,0.366669287
500,SR,0.759329597
500,DR,0.418260857
500,ACW,0.50406364
500,COKE,0.285623677
500,RLearner,0.283510403
500,SR,0.539833787
500,DR,0.427494027
500,ACW,2.38902164
500,COKE,0.209090571
500,RLearner,0.282398947
500,SR,0.74561836
500,DR,0.400113094
500,ACW,0.772632609
500,COKE,0.336535147
500,RLearner,0.310726352
500,SR,0.469597513
500,DR,0.30280556
500,ACW,0.318888798
500,COKE,0.295304512
500,RLearner,0.224095999
500,SR,0.466819848
500,DR,0.370402707
500,ACW,2.613565757
500,COKE,0.221900462
500,RLearner,0.412908267
500,SR,0.607826684
500,DR,0.325869146
500,ACW,0.43755236
500,COKE,0.367961388
500,RLearner,0.276671269
500,SR,0.318511432
500,DR,0.388341222
500,ACW,2.938620069
500,COKE,0.189517794
500,RLearner,0.328023553
500,SR,0.720507338
500,DR,0.183645219
500,ACW,0.472419173
500,COKE,0.18545628
500,RLearner,0.194038995
500,SR,1.098080952
500,DR,0.274519744
500,ACW,0.496721482
500,COKE,0.282991376
500,RLearner,0.290290333
500,SR,0.45771975
500,DR,0.465586393
500,ACW,0.466349171
500,COKE,0.252298803
500,RLearner,0.387769402
500,SR,0.450248459
500,DR,0.457679244
500,ACW,0.518884429
500,COKE,0.237420076
500,RLearner,0.209516176
500,SR,0.27601537
500,DR,0.354890386
500,ACW,1.1380674
500,COKE,0.216073641
500,RLearner,0.274875551
500,SR,0.345963974
500,DR,0.427530723
500,ACW,0.683606852
500,COKE,0.189203388
500,RLearner,0.326208977
500,SR,0.570033681
500,DR,0.352420112
500,ACW,13.21854694
500,COKE,0.201710166
500,RLearner,0.209461289
500,SR,0.850506597
500,DR,0.48413781
500,ACW,0.421133151
500,COKE,0.371065492
500,RLearner,0.316348801
500,SR,0.479718715
500,DR,0.545644163
500,ACW,1.656230956
500,COKE,0.238320352
500,RLearner,0.359339033
500,SR,0.717525633
500,DR,0.68802956
500,ACW,0.500723617
500,COKE,0.363812245
500,RLearner,0.448402101
500,SR,0.417304603
500,DR,0.504870786
500,ACW,0.236309345
500,COKE,0.214079866
500,RLearner,0.289926646
500,SR,0.657659449
500,DR,0.479872783
500,ACW,0.50523797
500,COKE,0.237611163
500,RLearner,0.365507087
500,SR,0.730871172
500,DR,0.301109765
500,ACW,4.063053989
500,COKE,0.197338836
500,RLearner,0.36334392
500,SR,0.402196896
500,DR,0.528962816
500,ACW,0.496053671
500,COKE,0.156227529
500,RLearner,0.279144628
500,SR,0.56522147
500,DR,0.257839822
500,ACW,2.897012702
500,COKE,0.317634873
500,RLearner,0.285871216
500,SR,0.460113462
500,DR,1.459374325
500,ACW,0.419885333
500,COKE,0.222819987
500,RLearner,0.346518592
500,SR,0.339503113
500,DR,0.419454972
500,ACW,0.471555514
500,COKE,0.47648653
500,RLearner,0.2818614
500,SR,0.65605471
500,DR,0.400188608
500,ACW,0.482598169
500,COKE,0.213824234
500,RLearner,0.328636766
500,SR,0.397010982
500,DR,0.521399283
500,ACW,0.897280442
500,COKE,0.215746094
500,RLearner,0.228284358
500,SR,0.721678524
500,DR,0.389726844
500,ACW,0.676025092
500,COKE,0.179642891
500,RLearner,0.2577791
500,SR,0.569070176
500,DR,0.486220582
500,ACW,0.68140406
500,COKE,0.201137075
500,RLearner,0.195531118
500,SR,0.569332688
500,DR,0.255500499
500,ACW,3.169155995
500,COKE,0.288421582
500,RLearner,0.358837877
500,SR,0.514790578
500,DR,0.467967594
500,ACW,0.294303974
500,COKE,0.206870368
500,RLearner,0.249131316
500,SR,0.6971156
500,DR,0.271257277
500,ACW,1.572605715
500,COKE,0.259658701
500,RLearner,0.22148894
750,SR,0.662258758
750,DR,0.289755999
750,ACW,0.457083114
750,COKE,0.192134425
750,RLearner,0.386967488
750,SR,0.649176337
750,DR,0.320960595
750,ACW,2.498382822
750,COKE,0.213098789
750,RLearner,0.202403109
750,SR,0.590071097
750,DR,0.411500682
750,ACW,0.400107263
750,COKE,0.256573871
750,RLearner,0.371815699
750,SR,0.663068457
750,DR,0.378297396
750,ACW,4.827594533
750,COKE,0.196360087
750,RLearner,0.256525239
750,SR,0.381900417
750,DR,0.394012889
750,ACW,0.296755285
750,COKE,0.227345969
750,RLearner,0.315887991
750,SR,0.372218521
750,DR,0.393467524
750,ACW,0.176224554
750,COKE,0.200637805
750,RLearner,0.225490143
750,SR,0.425889676
750,DR,0.310946681
750,ACW,4.023427956
750,COKE,0.245624844
750,RLearner,0.217845151
750,SR,0.282612214
750,DR,0.479967528
750,ACW,0.460931663
750,COKE,0.173473693
750,RLearner,0.262986056
750,SR,0.367820093
750,DR,0.179182159
750,ACW,8.858034183
750,COKE,0.1683919
750,RLearner,0.374966955
750,SR,0.580354983
750,DR,0.401132749
750,ACW,0.442883518
750,COKE,0.206555198
750,RLearner,0.357905479
750,SR,0.355122909
750,DR,0.317322641
750,ACW,2.730612523
750,COKE,0.161504339
750,RLearner,0.177881504
750,SR,0.422914135
750,DR,0.336893443
750,ACW,0.482132072
750,COKE,0.243277981
750,RLearner,0.253670912
750,SR,0.296564853
750,DR,0.441068606
750,ACW,0.904116717
750,COKE,0.194759634
750,RLearner,0.319084104
750,SR,0.367645003
750,DR,0.606211413
750,ACW,15.63337907
750,COKE,0.178830183
750,RLearner,0.299282478
750,SR,0.453445008
750,DR,0.34423116
750,ACW,0.20499102
750,COKE,0.260933345
750,RLearner,0.347516466
750,SR,0.477743605
750,DR,0.271898656
750,ACW,1.453742013
750,COKE,0.228299597
750,RLearner,0.170716143
750,SR,0.423587375
750,DR,0.284718402
750,ACW,0.406643901
750,COKE,0.280301663
750,RLearner,0.380738051
750,SR,0.369966543
750,DR,0.276874522
750,ACW,0.369890144
750,COKE,0.186657133
750,RLearner,0.269198147
750,SR,0.424246005
750,DR,0.382182731
750,ACW,2.216642958
750,COKE,0.190298303
750,RLearner,0.399646901
750,SR,0.266742302
750,DR,0.439801116
750,ACW,0.47417048
750,COKE,0.150867249
750,RLearner,0.309726665
750,SR,0.534393397
750,DR,0.261291152
750,ACW,0.790661956
750,COKE,0.209473879
750,RLearner,0.179836692
750,SR,0.439879085
750,DR,0.357164495
750,ACW,1.287947431
750,COKE,0.166872977
750,RLearner,0.26424649
750,SR,0.548458058
750,DR,0.519698415
750,ACW,1.32263648
750,COKE,0.182137909
750,RLearner,0.327737351
750,SR,0.428813603
750,DR,0.276648369
750,ACW,0.364683762
750,COKE,0.186998624
750,RLearner,0.26906171
750,SR,0.43092806
750,DR,0.197788894
750,ACW,2.594725734
750,COKE,0.265994252
750,RLearner,0.206881456
750,SR,0.474640569
750,DR,0.342276475
750,ACW,0.651876335
750,COKE,0.190852695
750,RLearner,0.232548638
750,SR,0.323063208
750,DR,0.385145497
750,ACW,4.910808319
750,COKE,0.213995162
750,RLearner,0.34010073
750,SR,0.498853449
750,DR,0.304387638
750,ACW,1.340918466
750,COKE,0.173715963
750,RLearner,0.239681155
750,SR,0.462900642
750,DR,0.312740682
750,ACW,1.919652991
750,COKE,0.267040678
750,RLearner,0.21763687
750,SR,0.648796067
750,DR,0.268136224
750,ACW,4.380747841
750,COKE,0.218149868
750,RLearner,0.23820121
750,SR,0.634561913
750,DR,0.231138172
750,ACW,0.960207942
750,COKE,0.320307079
750,RLearner,0.183890053
750,SR,0.536236332
750,DR,0.377692311
750,ACW,11.27070753
750,COKE,0.227715181
750,RLearner,0.315358517
750,SR,0.695147564
750,DR,0.291714628
750,ACW,0.399916162
750,COKE,0.172147929
750,RLearner,0.41812115
750,SR,0.349265663
750,DR,0.399821327
750,ACW,0.58811233
750,COKE,0.164852183
750,RLearner,0.323839951
750,SR,0.492080382
750,DR,0.572904081
750,ACW,0.484386813
750,COKE,0.178375338
750,RLearner,0.195221153
750,SR,0.311191043
750,DR,0.230073339
750,ACW,0.507303247
750,COKE,0.25629294
750,RLearner,0.31499533
750,SR,0.469519859
750,DR,0.200383854
750,ACW,0.285618518
750,COKE,0.270548191
750,RLearner,0.195015314
750,SR,0.440812958
750,DR,0.349306928
750,ACW,0.430106102
750,COKE,0.181037098
750,RLearner,0.42001492
750,SR,0.501611054
750,DR,0.372714405
750,ACW,1.043226429
750,COKE,0.219473891
750,RLearner,0.351984514
750,SR,0.560520496
750,DR,0.381009425
750,ACW,0.38201734
750,COKE,0.167305294
750,RLearner,0.268729194
750,SR,0.494197611
750,DR,0.339279574
750,ACW,0.44390007
750,COKE,0.142071312
750,RLearner,0.199545792
750,SR,0.764756801
750,DR,0.287836672
750,ACW,1.382123185
750,COKE,0.325656939
750,RLearner,0.226630875
750,SR,0.496525122
750,DR,0.343467512
750,ACW,0.322782498
750,COKE,0.18098863
750,RLearner,0.246814293
750,SR,0.633798288
750,DR,0.381249923
750,ACW,1.107139859
750,COKE,0.271035597
750,RLearner,0.171690174
750,SR,0.5959711
750,DR,0.208730669
750,ACW,0.254092755
750,COKE,0.228419644
750,RLearner,0.239704028
750,SR,0.298633451
750,DR,0.579392518
750,ACW,1.862710102
750,COKE,0.180663474
750,RLearner,0.327458674
750,SR,0.288076714
750,DR,0.448361102
750,ACW,0.19705851
750,COKE,0.190657756
750,RLearner,0.259820533
750,SR,0.713015616
750,DR,0.192116401
750,ACW,0.407728122
750,COKE,0.210303205
750,RLearner,0.229134984
750,SR,0.427742917
750,DR,0.235447443
750,ACW,0.200125114
750,COKE,0.18869613
750,RLearner,0.186475056
750,SR,0.642524685
750,DR,0.234347171
750,ACW,3.767280482
750,COKE,0.199474468
750,RLearner,0.289273478
750,SR,0.458208487
750,DR,0.291514107
750,ACW,0.2807096
750,COKE,0.255854962
750,RLearner,0.252412281
750,SR,0.501002565
750,DR,0.404371917
750,ACW,1.252984325
750,COKE,0.261190515
750,RLearner,0.265029065
750,SR,0.678141559
750,DR,0.230279686
750,ACW,0.887600505
750,COKE,0.272914784
750,RLearner,0.260700093
750,SR,0.725125876
750,DR,0.409407368
750,ACW,5.571971704
750,COKE,0.207804138
750,RLearner,0.292979701
750,SR,0.455567164
750,DR,0.331475926
750,ACW,0.658248893
750,COKE,0.241232613
750,RLearner,0.280444211
750,SR,0.290756079
750,DR,0.333078085
750,ACW,4.536641518
750,COKE,0.164841612
750,RLearner,0.298184071
750,SR,0.510385763
750,DR,0.513701871
750,ACW,7.442997903
750,COKE,0.201362523
750,RLearner,0.384250724
750,SR,0.519381923
750,DR,0.42738958
750,ACW,0.47986511
750,COKE,0.202391061
750,RLearner,0.269352652
750,SR,0.614503046
750,DR,0.309708345
750,ACW,6.626607887
750,COKE,0.358368336
750,RLearner,0.166437746
750,SR,0.537329739
750,DR,0.429114243
750,ACW,0.430380683
750,COKE,0.184204716
750,RLearner,0.345215266
750,SR,0.622025865
750,DR,0.201620626
750,ACW,0.36134193
750,COKE,0.311861856
750,RLearner,0.190860455
750,SR,0.403241343
750,DR,0.646282629
750,ACW,0.431661683
750,COKE,0.191644468
750,RLearner,0.43467529
750,SR,0.386018395
750,DR,0.420424344
750,ACW,1.587995884
750,COKE,0.170591427
750,RLearner,0.201400099
750,SR,0.551878203
750,DR,0.309397792
750,ACW,3.159533307
750,COKE,0.190308913
750,RLearner,0.203809536
750,SR,0.475882891
750,DR,0.324377307
750,ACW,0.581957638
750,COKE,0.191980467
750,RLearner,0.333447915
750,SR,0.33900097
750,DR,0.381411711
750,ACW,0.316179584
750,COKE,0.153976831
750,RLearner,0.286207733
750,SR,0.334658882
750,DR,0.464332711
750,ACW,0.485737466
750,COKE,0.186026378
750,RLearner,0.326261172
750,SR,0.539128933
750,DR,0.238933924
750,ACW,3.643643319
750,COKE,0.214085329
750,RLearner,0.247038064
750,SR,0.431148068
750,DR,0.411438236
750,ACW,0.466961287
750,COKE,0.193668329
750,RLearner,0.254698217
750,SR,0.454918231
750,DR,0.348253041
750,ACW,9.173554735
750,COKE,0.220295254
750,RLearner,0.313299085
750,SR,0.520548175
750,DR,0.372092784
750,ACW,0.472744131
750,COKE,0.215408781
750,RLearner,0.315485221
750,SR,0.468804626
750,DR,0.290115512
750,ACW,4.265249211
750,COKE,0.279559432
750,RLearner,0.259630975
750,SR,0.407177003
750,DR,0.43160787
750,ACW,1.589685611
750,COKE,0.180821707
750,RLearner,0.295935252
750,SR,0.663317396
750,DR,0.224575994
750,ACW,2.260022366
750,COKE,0.427716511
750,RLearner,0.170305514
750,SR,0.438430302
750,DR,0.413492553
750,ACW,1.408969526
750,COKE,0.190026254
750,RLearner,0.32967405
750,SR,0.309066657
750,DR,0.213957218
750,ACW,16.45765254
750,COKE,0.162263369
750,RLearner,0.206503494
750,SR,0.343921531
750,DR,0.383818808
750,ACW,2.723340989
750,COKE,0.180990629
750,RLearner,0.316899876
750,SR,0.437318881
750,DR,0.470307767
750,ACW,0.443860226
750,COKE,0.183271105
750,RLearner,0.235478469
750,SR,0.369133504
750,DR,0.266294424
750,ACW,8.100396482
750,COKE,0.216573817
750,RLearner,0.249227867
750,SR,0.543928621
750,DR,0.216673219
750,ACW,0.487691619
750,COKE,0.264451043
750,RLearner,0.206650211
750,SR,0.31787658
750,DR,0.326840072
750,ACW,0.514783222
750,COKE,0.228343931
750,RLearner,0.266301718
750,SR,0.396262317
750,DR,0.468587839
750,ACW,4.221412372
750,COKE,0.21477323
750,RLearner,0.314384119
750,SR,0.666060735
750,DR,0.35984431
750,ACW,0.365518412
750,COKE,0.173287019
750,RLearner,0.275819851
750,SR,0.401654531
750,DR,0.244714619
750,ACW,0.210608458
750,COKE,0.324390251
750,RLearner,0.273442988
750,SR,0.50250511
750,DR,0.360925321
750,ACW,0.449784244
750,COKE,0.179267481
750,RLearner,0.241665294
750,SR,0.440354015
750,DR,0.257437462
750,ACW,2.091599946
750,COKE,0.201636563
750,RLearner,0.257836738
750,SR,0.601134517
750,DR,0.397004136
750,ACW,0.384101644
750,COKE,0.286635468
750,RLearner,0.325706635
750,SR,0.375344302
750,DR,0.352819049
750,ACW,0.449720406
750,COKE,0.219986921
750,RLearner,0.234477587
750,SR,0.344947517
750,DR,0.284261562
750,ACW,1.983744665
750,COKE,0.255215254
750,RLearner,0.23964532
750,SR,0.745135063
750,DR,0.391649531
750,ACW,4.972973706
750,COKE,0.194264571
750,RLearner,0.219716384
750,SR,0.418541203
750,DR,0.326054214
750,ACW,0.349251409
750,COKE,0.166660895
750,RLearner,0.218289494
750,SR,0.687462799
750,DR,0.272883611
750,ACW,0.479541016
750,COKE,0.236306558
750,RLearner,0.237433155
750,SR,0.397969228
750,DR,0.354292949
750,ACW,4.854784354
750,COKE,0.175085423
750,RLearner,0.199452284
750,SR,0.359814594
750,DR,0.410960834
750,ACW,2.083933938
750,COKE,0.174255539
750,RLearner,0.29858363
750,SR,0.576019025
750,DR,0.287688562
750,ACW,0.234911932
750,COKE,0.314223015
750,RLearner,0.203675321
750,SR,0.395715918
750,DR,0.295853179
750,ACW,22.21927287
750,COKE,0.15866294
750,RLearner,0.26299258
750,SR,0.317860817
750,DR,0.413002877
750,ACW,0.498400601
750,COKE,0.154328478
750,RLearner,0.299121577
750,SR,0.882250968
750,DR,0.36575575
750,ACW,0.956730996
750,COKE,0.240404073
750,RLearner,0.290367883
750,SR,0.808767733
750,DR,0.207636295
750,ACW,1.556237671
750,COKE,0.353696548
750,RLearner,0.231645845
750,SR,0.358016535
750,DR,0.443847254
750,ACW,3.612691176
750,COKE,0.178068762
750,RLearner,0.258979834
1000,SR,0.296527287
1000,DR,0.21765842
1000,ACW,0.282232981
1000,COKE,0.232309701
1000,RLearner,0.212190879
1000,SR,0.496994142
1000,DR,0.274653189
1000,ACW,0.415807531
1000,COKE,0.173756691
1000,RLearner,0.239642445
1000,SR,0.445752198
1000,DR,0.412973379
1000,ACW,0.264097884
1000,COKE,0.224655497
1000,RLearner,0.276142238
1000,SR,0.282603238
1000,DR,0.301796673
1000,ACW,0.498967137
1000,COKE,0.165642054
1000,RLearner,0.257906412
1000,SR,0.434638908
1000,DR,0.370197335
1000,ACW,11.40862889
1000,COKE,0.166500596
1000,RLearner,0.250141371
1000,SR,0.410559545
1000,DR,0.328154622
1000,ACW,0.425172972
1000,COKE,0.166393684
1000,RLearner,0.330624865
1000,SR,0.556634797
1000,DR,0.219605111
1000,ACW,0.187800463
1000,COKE,0.282494719
1000,RLearner,0.249491132
1000,SR,0.394041854
1000,DR,0.333109251
1000,ACW,0.369203954
1000,COKE,0.156378503
1000,RLearner,0.229242523
1000,SR,0.401617826
1000,DR,0.24798309
1000,ACW,5.424799912
1000,COKE,0.186780907
1000,RLearner,0.25616941
1000,SR,0.40213346
1000,DR,0.485702472
1000,ACW,0.333395225
1000,COKE,0.184462716
1000,RLearner,0.156624499
1000,SR,0.450083169
1000,DR,0.421624839
1000,ACW,0.306651572
1000,COKE,0.15575887
1000,RLearner,0.22034496
1000,SR,0.338709892
1000,DR,0.319361373
1000,ACW,0.506357703
1000,COKE,0.187116387
1000,RLearner,0.284915287
1000,SR,0.455097537
1000,DR,0.346561177
1000,ACW,0.428511169
1000,COKE,0.208482111
1000,RLearner,0.270532536
1000,SR,0.408009474
1000,DR,0.178924719
1000,ACW,0.369286361
1000,COKE,0.149325499
1000,RLearner,0.18162896
1000,SR,0.329001407
1000,DR,0.243485628
1000,ACW,0.611983799
1000,COKE,0.183733473
1000,RLearner,0.235515648
1000,SR,0.350933489
1000,DR,0.439743876
1000,ACW,0.481816306
1000,COKE,0.153886599
1000,RLearner,0.255733454
1000,SR,0.85865053
1000,DR,0.192952883
1000,ACW,1.025208228
1000,COKE,0.296860369
1000,RLearner,0.170852682
1000,SR,0.407697814
1000,DR,0.325248266
1000,ACW,1.13952502
1000,COKE,0.183228926
1000,RLearner,0.208812488
1000,SR,0.401846405
1000,DR,0.312180084
1000,ACW,0.170009164
1000,COKE,0.173073092
1000,RLearner,0.240644787
1000,SR,0.35732422
1000,DR,0.289612384
1000,ACW,2.414839946
1000,COKE,0.179463492
1000,RLearner,0.266593283
1000,SR,0.439953949
1000,DR,0.169862544
1000,ACW,0.23593702
1000,COKE,0.2823592
1000,RLearner,0.167670195
1000,SR,0.349973827
1000,DR,0.24029413
1000,ACW,0.268077732
1000,COKE,0.228203375
1000,RLearner,0.189729915
1000,SR,0.381012758
1000,DR,0.367683957
1000,ACW,0.275576979
1000,COKE,0.233976468
1000,RLearner,0.247386872
1000,SR,0.477988659
1000,DR,0.201881323
1000,ACW,0.359010676
1000,COKE,0.271150804
1000,RLearner,0.229525619
1000,SR,0.482117404
1000,DR,0.324607235
1000,ACW,1.035886675
1000,COKE,0.259182962
1000,RLearner,0.193078583
1000,SR,0.319403138
1000,DR,0.336586609
1000,ACW,12.39135361
1000,COKE,0.148962222
1000,RLearner,0.284168208
1000,SR,0.437573418
1000,DR,0.289901286
1000,ACW,0.268228591
1000,COKE,0.188642152
1000,RLearner,0.204497155
1000,SR,0.246930821
1000,DR,0.230464419
1000,ACW,0.510814694
1000,COKE,0.210673209
1000,RLearner,0.151414475
1000,SR,0.45907336
1000,DR,0.427599174
1000,ACW,0.441891896
1000,COKE,0.216261917
1000,RLearner,0.225135344
1000,SR,0.321964502
1000,DR,0.164280039
1000,ACW,3.176449897
1000,COKE,0.114136238
1000,RLearner,0.17191553
1000,SR,0.384928809
1000,DR,0.282501258
1000,ACW,0.398679716
1000,COKE,0.169762805
1000,RLearner,0.246542066
1000,SR,0.280928247
1000,DR,0.285816206
1000,ACW,0.438823354
1000,COKE,0.165293619
1000,RLearner,0.263121163
1000,SR,0.457480842
1000,DR,0.337988775
1000,ACW,0.275526795
1000,COKE,0.162694647
1000,RLearner,0.311521515
1000,SR,0.427857832
1000,DR,0.344794334
1000,ACW,30.25911617
1000,COKE,0.170362802
1000,RLearner,0.225997907
1000,SR,0.334333044
1000,DR,0.231926298
1000,ACW,10.06943433
1000,COKE,0.182340372
1000,RLearner,0.291397862
1000,SR,0.414316476
1000,DR,0.357635419
1000,ACW,0.232213735
1000,COKE,0.173478234
1000,RLearner,0.215913114
1000,SR,0.538896331
1000,DR,0.250845132
1000,ACW,0.243208781
1000,COKE,0.244671175
1000,RLearner,0.235409211
1000,SR,0.36807371
1000,DR,0.230069636
1000,ACW,0.480753952
1000,COKE,0.156094954
1000,RLearner,0.19606265
1000,SR,0.211070737
1000,DR,0.360399501
1000,ACW,9.425988871
1000,COKE,0.145614008
1000,RLearner,0.250602736
1000,SR,0.384102565
1000,DR,0.321828714
1000,ACW,4.194532431
1000,COKE,0.215489327
1000,RLearner,0.300636044
1000,SR,0.488654986
1000,DR,0.424315692
1000,ACW,1.12222227
1000,COKE,0.227434009
1000,RLearner,0.240650519
1000,SR,0.453049726
1000,DR,0.287986049
1000,ACW,1.371516314
1000,COKE,0.190799105
1000,RLearner,0.204971351
1000,SR,0.373843651
1000,DR,0.321228806
1000,ACW,0.403874519
1000,COKE,0.149321055
1000,RLearner,0.293759083
1000,SR,0.657007706
1000,DR,0.3785931
1000,ACW,0.334439153
1000,COKE,0.211254974
1000,RLearner,0.183011982
1000,SR,0.633213715
1000,DR,0.33502669
1000,ACW,0.286659171
1000,COKE,0.145076237
1000,RLearner,0.176396851
1000,SR,0.46377507
1000,DR,0.447079369
1000,ACW,0.699023264
1000,COKE,0.170745009
1000,RLearner,0.330614191
1000,SR,0.448178361
1000,DR,0.558095358
1000,ACW,0.429507549
1000,COKE,0.192740039
1000,RLearner,0.182587966
1000,SR,0.456202618
1000,DR,0.26953264
1000,ACW,0.442805364
1000,COKE,0.237340169
1000,RLearner,0.228198338
1000,SR,0.399717471
1000,DR,0.207021282
1000,ACW,1.408123036
1000,COKE,0.199256366
1000,RLearner,0.20394308
1000,SR,0.502651102
1000,DR,0.232725858
1000,ACW,11.70770273
1000,COKE,0.232229114
1000,RLearner,0.278151184
1000,SR,0.377765959
1000,DR,0.333147325
1000,ACW,0.590170841
1000,COKE,0.207575413
1000,RLearner,0.198164301
1000,SR,0.428585791
1000,DR,0.482558824
1000,ACW,1.309423133
1000,COKE,0.176874411
1000,RLearner,0.169164582
1000,SR,0.308513101
1000,DR,0.327201995
1000,ACW,0.490061225
1000,COKE,0.194027461
1000,RLearner,0.184503821
1000,SR,0.531901438
1000,DR,0.244901051
1000,ACW,0.231414546
1000,COKE,0.284102656
1000,RLearner,0.183419474
1000,SR,0.30425144
1000,DR,0.3976008
1000,ACW,0.494587276
1000,COKE,0.162887813
1000,RLearner,0.279335687
1000,SR,0.364721921
1000,DR,0.270952455
1000,ACW,0.745978551
1000,COKE,0.21353849
1000,RLearner,0.228356245
1000,SR,0.664701457
1000,DR,0.246454319
1000,ACW,0.952527679
1000,COKE,0.240491638
1000,RLearner,0.232416695
1000,SR,0.361207602
1000,DR,0.263000922
1000,ACW,0.350908217
1000,COKE,0.1623126
1000,RLearner,0.155634251
1000,SR,0.419463769
1000,DR,0.234783276
1000,ACW,1.37566517
1000,COKE,0.192614402
1000,RLearner,0.173743724
1000,SR,0.330890017
1000,DR,0.237764708
1000,ACW,0.364180262
1000,COKE,0.197015245
1000,RLearner,0.21535103
1000,SR,0.335812549
1000,DR,0.406620256
1000,ACW,0.663091511
1000,COKE,0.171166086
1000,RLearner,0.267916034
1000,SR,0.357001843
1000,DR,0.317507594
1000,ACW,0.264786282
1000,COKE,0.162350471
1000,RLearner,0.250570585
1000,SR,0.474864719
1000,DR,0.210990279
1000,ACW,0.487826154
1000,COKE,0.191582242
1000,RLearner,0.250651543
1000,SR,0.546471186
1000,DR,0.20033132
1000,ACW,1.479383052
1000,COKE,0.308863313
1000,RLearner,0.173019237
1000,SR,0.34153416
1000,DR,0.582961492
1000,ACW,0.503221498
1000,COKE,0.217987244
1000,RLearner,0.356395896
1000,SR,0.363136947
1000,DR,0.279225178
1000,ACW,0.228428224
1000,COKE,0.162573331
1000,RLearner,0.247423368
1000,SR,0.254480369
1000,DR,0.574202142
1000,ACW,3.264536962
1000,COKE,0.179616587
1000,RLearner,0.248064755
1000,SR,0.511284258
1000,DR,0.314508321
1000,ACW,0.448264574
1000,COKE,0.187870847
1000,RLearner,0.258730717
1000,SR,0.457654268
1000,DR,0.275359608
1000,ACW,1.794569117
1000,COKE,0.164046171
1000,RLearner,0.19995657
1000,SR,0.267584082
1000,DR,0.283375184
1000,ACW,9.12408843
1000,COKE,0.149490941
1000,RLearner,0.327615298
1000,SR,0.376432653
1000,DR,0.251805084
1000,ACW,37.8302027
1000,COKE,0.16121729
1000,RLearner,0.276536836
1000,SR,0.245657353
1000,DR,0.265889626
1000,ACW,0.215217437
1000,COKE,0.165048136
1000,RLearner,0.20089711
1000,SR,0.436270886
1000,DR,0.378721542
1000,ACW,0.31835554
1000,COKE,0.174478703
1000,RLearner,0.184420061
1000,SR,0.467462152
1000,DR,0.217773845
1000,ACW,0.573468764
1000,COKE,0.18247118
1000,RLearner,0.206799438
1000,SR,0.327264228
1000,DR,0.42603725
1000,ACW,0.496612215
1000,COKE,0.162431184
1000,RLearner,0.274721316
1000,SR,0.560974939
1000,DR,0.215130206
1000,ACW,0.337402285
1000,COKE,0.20119181
1000,RLearner,0.163569656
1000,SR,0.27572479
1000,DR,0.341870464
1000,ACW,0.758552628
1000,COKE,0.134150922
1000,RLearner,0.217590367
1000,SR,0.508072025
1000,DR,0.241649623
1000,ACW,0.281342805
1000,COKE,0.225676858
1000,RLearner,0.179419786
1000,SR,0.32018757
1000,DR,0.277900633
1000,ACW,0.439216574
1000,COKE,0.135130163
1000,RLearner,0.301253556
1000,SR,0.652168249
1000,DR,0.289554784
1000,ACW,1.313792994
1000,COKE,0.163251094
1000,RLearner,0.219481258
1000,SR,0.543452613
1000,DR,0.32975407
1000,ACW,4.518373949
1000,COKE,0.181335696
1000,RLearner,0.25897708
1000,SR,0.249879412
1000,DR,0.340201891
1000,ACW,1.221417559
1000,COKE,0.148827543
1000,RLearner,0.218136865
1000,SR,0.351771466
1000,DR,0.327615054
1000,ACW,0.329085059
1000,COKE,0.198821158
1000,RLearner,0.228218009
1000,SR,0.269396816
1000,DR,0.365360073
1000,ACW,0.191360847
1000,COKE,0.128224543
1000,RLearner,0.315648455
1000,SR,0.302269105
1000,DR,0.152252053
1000,ACW,2.251262196
1000,COKE,0.185336464
1000,RLearner,0.209092988
1000,SR,0.640315193
1000,DR,0.253909154
1000,ACW,0.492879822
1000,COKE,0.21657125
1000,RLearner,0.314825785
1000,SR,0.350815326
1000,DR,0.265809921
1000,ACW,15.41887207
1000,COKE,0.189984143
1000,RLearner,0.239545611
1000,SR,0.340700507
1000,DR,0.239493354
1000,ACW,6.22214741
1000,COKE,0.172740483
1000,RLearner,0.270497847
1000,SR,0.304357725
1000,DR,0.421112301
1000,ACW,0.503673181
1000,COKE,0.17213039
1000,RLearner,0.272719873
1000,SR,0.324762503
1000,DR,0.302649317
1000,ACW,5.055665337
1000,COKE,0.163455847
1000,RLearner,0.195837333
1000,SR,0.306932405
1000,DR,0.365963017
1000,ACW,0.405767128
1000,COKE,0.153526009
1000,RLearner,0.18815241
1000,SR,0.506642306
1000,DR,0.246950458
1000,ACW,1.77680611
1000,COKE,0.177373899
1000,RLearner,0.20996905
1000,SR,0.513617762
1000,DR,0.34057395
1000,ACW,0.346436309
1000,COKE,0.205904042
1000,RLearner,0.224453153
1000,SR,0.386601735
1000,DR,0.330096605
1000,ACW,0.429328051
1000,COKE,0.155196513
1000,RLearner,0.225792887
1000,SR,0.292754031
1000,DR,0.335871701
1000,ACW,0.29299737
1000,COKE,0.14017439
1000,RLearner,0.183050374
1000,SR,0.390364238
1000,DR,0.243046166
1000,ACW,0.462107223
1000,COKE,0.181605653
1000,RLearner,0.20589401
1000,SR,0.255994265
1000,DR,0.223265151
1000,ACW,0.659955776
1000,COKE,0.121519837
1000,RLearner,0.185347504
1000,SR,0.40244177
1000,DR,0.225464902
1000,ACW,3.016272446
1000,COKE,0.201802177
1000,RLearner,0.263204513
1000,SR,0.35695786
1000,DR,0.270243404
1000,ACW,0.363107241
1000,COKE,0.16873629
1000,RLearner,0.244232263
1000,SR,0.55782015
1000,DR,0.40352564
1000,ACW,0.266203162
1000,COKE,0.149148901
1000,RLearner,0.213969958
1250,SR,0.723705512
1250,DR,0.187131966
1250,ACW,0.445096863
1250,COKE,0.231876318
1250,RLearner,0.178063846
1250,SR,0.447412515
1250,DR,0.282043496
1250,ACW,0.467367906
1250,COKE,0.179540349
1250,RLearner,0.279024149
1250,SR,0.378128508
1250,DR,0.181111781
1250,ACW,0.498220148
1250,COKE,0.141396404
1250,RLearner,0.182388534
1250,SR,0.428224668
1250,DR,0.198083977
1250,ACW,0.323593018
1250,COKE,0.157691221
1250,RLearner,0.217895241
1250,SR,0.310620825
1250,DR,0.263119852
1250,ACW,19.99417518
1250,COKE,0.135781239
1250,RLearner,0.176818455
1250,SR,0.261560474
1250,DR,0.238424181
1250,ACW,0.202011696
1250,COKE,0.158595419
1250,RLearner,0.211350329
1250,SR,0.459461579
1250,DR,0.326238667
1250,ACW,0.236081691
1250,COKE,0.185844396
1250,RLearner,0.289265908
1250,SR,0.306051133
1250,DR,0.162861292
1250,ACW,0.45931676
1250,COKE,0.169652547
1250,RLearner,0.217366246
1250,SR,0.263628666
1250,DR,0.390781237
1250,ACW,0.743714284
1250,COKE,0.160411406
1250,RLearner,0.206477931
1250,SR,0.338326514
1250,DR,0.254177372
1250,ACW,0.35293878
1250,COKE,0.140803968
1250,RLearner,0.175541784
1250,SR,0.308529678
1250,DR,0.216911636
1250,ACW,0.450751888
1250,COKE,0.125483863
1250,RLearner,0.159917123
1250,SR,0.302717681
1250,DR,0.180077105
1250,ACW,0.292068684
1250,COKE,0.217846573
1250,RLearner,0.197743421
1250,SR,0.236381575
1250,DR,0.306892773
1250,ACW,0.884359577
1250,COKE,0.132941626
1250,RLearner,0.234540531
1250,SR,0.296889396
1250,DR,0.286203062
1250,ACW,1.191956157
1250,COKE,0.146982577
1250,RLearner,0.241715548
1250,SR,0.386596517
1250,DR,0.287571398
1250,ACW,6.826053467
1250,COKE,0.170077583
1250,RLearner,0.232234504
1250,SR,0.444981613
1250,DR,0.361240874
1250,ACW,0.969083894
1250,COKE,0.152854162
1250,RLearner,0.195642098
1250,SR,0.328801917
1250,DR,0.368438842
1250,ACW,0.466656943
1250,COKE,0.149401603
1250,RLearner,0.200927426
1250,SR,0.293913906
1250,DR,0.276926939
1250,ACW,1.21470795
1250,COKE,0.157351998
1250,RLearner,0.198368844
1250,SR,0.306206277
1250,DR,0.188994906
1250,ACW,0.283784211
1250,COKE,0.178015414
1250,RLearner,0.190684235
1250,SR,0.262469911
1250,DR,0.220143347
1250,ACW,0.477387188
1250,COKE,0.152121446
1250,RLearner,0.182401586
1250,SR,0.26339667
1250,DR,0.217900013
1250,ACW,0.432983188
1250,COKE,0.15957052
1250,RLearner,0.19891314
1250,SR,0.385976465
1250,DR,0.284563587
1250,ACW,0.42192263
1250,COKE,0.158490579
1250,RLearner,0.214451766
1250,SR,0.390709765
1250,DR,0.27704905
1250,ACW,0.25192744
1250,COKE,0.128732958
1250,RLearner,0.258148738
1250,SR,0.315336358
1250,DR,0.195883002
1250,ACW,0.309069253
1250,COKE,0.146695364
1250,RLearner,0.225064108
1250,SR,0.393027113
1250,DR,0.194417978
1250,ACW,0.337410844
1250,COKE,0.173460044
1250,RLearner,0.176891907
1250,SR,0.371913253
1250,DR,0.344071893
1250,ACW,0.608558209
1250,COKE,0.159909258
1250,RLearner,0.277537438
1250,SR,0.261714047
1250,DR,0.293501892
1250,ACW,0.250742866
1250,COKE,0.108931333
1250,RLearner,0.171796292
1250,SR,0.334816786
1250,DR,0.250553639
1250,ACW,0.342609101
1250,COKE,0.171715581
1250,RLearner,0.178660237
1250,SR,0.445592501
1250,DR,0.255490362
1250,ACW,0.502428684
1250,COKE,0.166431737
1250,RLearner,0.16919039
1250,SR,0.46318875
1250,DR,0.263861218
1250,ACW,0.427083995
1250,COKE,0.142112357
1250,RLearner,0.159407583
1250,SR,0.338901577
1250,DR,0.31649824
1250,ACW,1.932589238
1250,COKE,0.148406944
1250,RLearner,0.202817567
1250,SR,0.310840653
1250,DR,0.280777435
1250,ACW,24.66166282
1250,COKE,0.151853088
1250,RLearner,0.198924225
1250,SR,0.468731605
1250,DR,0.189804923
1250,ACW,0.494930408
1250,COKE,0.172439212
1250,RLearner,0.175073722
1250,SR,0.493548745
1250,DR,0.185833619
1250,ACW,0.328779808
1250,COKE,0.147490462
1250,RLearner,0.196078024
1250,SR,0.254816484
1250,DR,0.35032034
1250,ACW,0.502307091
1250,COKE,0.166021337
1250,RLearner,0.218378554
1250,SR,0.242502965
1250,DR,0.143427338
1250,ACW,0.473479527
1250,COKE,0.114038184
1250,RLearner,0.187535866
1250,SR,0.290465184
1250,DR,0.165866066
1250,ACW,0.273493153
1250,COKE,0.190114234
1250,RLearner,0.164374069
1250,SR,0.336123881
1250,DR,0.256141188
1250,ACW,0.226418727
1250,COKE,0.156827831
1250,RLearner,0.206842715
1250,SR,0.347848505
1250,DR,0.240361571
1250,ACW,0.226110766
1250,COKE,0.178163737
1250,RLearner,0.236637573
1250,SR,0.476383373
1250,DR,0.226074472
1250,ACW,0.23058616
1250,COKE,0.149163055
1250,RLearner,0.240565572
1250,SR,0.335229262
1250,DR,0.292409551
1250,ACW,0.494821538
1250,COKE,0.133427539
1250,RLearner,0.219528658
1250,SR,0.265594004
1250,DR,0.215847769
1250,ACW,0.638621021
1250,COKE,0.135132205
1250,RLearner,0.210379745
1250,SR,0.399298206
1250,DR,0.189608754
1250,ACW,0.27668686
1250,COKE,0.211949674
1250,RLearner,0.225898223
1250,SR,0.304018598
1250,DR,0.184910719
1250,ACW,14.20749045
1250,COKE,0.129235235
1250,RLearner,0.192302898
1250,SR,0.523508042
1250,DR,0.182560869
1250,ACW,0.657944858
1250,COKE,0.234852169
1250,RLearner,0.196298642
1250,SR,0.372700083
1250,DR,0.251452374
1250,ACW,0.34445027
1250,COKE,0.182460867
1250,RLearner,0.206093698
1250,SR,0.402633879
1250,DR,0.236032535
1250,ACW,5.897224862
1250,COKE,0.156501509
1250,RLearner,0.171396031
1250,SR,0.188192691
1250,DR,0.215327254
1250,ACW,0.227689309
1250,COKE,0.108577413
1250,RLearner,0.16751314
1250,SR,0.476305332
1250,DR,0.336990564
1250,ACW,0.611465144
1250,COKE,0.181940138
1250,RLearner,0.260916261
1250,SR,0.3109767
1250,DR,0.277301595
1250,ACW,1.406182466
1250,COKE,0.182089198
1250,RLearner,0.220980693
1250,SR,0.423364814
1250,DR,0.209173015
1250,ACW,1.069907339
1250,COKE,0.185656754
1250,RLearner,0.211914622
1250,SR,0.317530143
1250,DR,0.416530955
1250,ACW,0.458323712
1250,COKE,0.166418223
1250,RLearner,0.247129975
1250,SR,0.425777428
1250,DR,0.216640961
1250,ACW,0.904848213
1250,COKE,0.150736092
1250,RLearner,0.163121331
1250,SR,0.348020517
1250,DR,0.282333669
1250,ACW,3.847671591
1250,COKE,0.149826711
1250,RLearner,0.194635946
1250,SR,0.38602379
1250,DR,0.187992936
1250,ACW,1.136638597
1250,COKE,0.141976515
1250,RLearner,0.236746406
1250,SR,0.346367527
1250,DR,0.265428269
1250,ACW,0.532847431
1250,COKE,0.194218843
1250,RLearner,0.222683352
1250,SR,0.242160123
1250,DR,0.305934368
1250,ACW,0.399185266
1250,COKE,0.160090278
1250,RLearner,0.269682141
1250,SR,0.295308192
1250,DR,0.372573888
1250,ACW,0.440855806
1250,COKE,0.161657306
1250,RLearner,0.245275314
1250,SR,0.255986009
1250,DR,0.263054993
1250,ACW,0.45970716
1250,COKE,0.138159424
1250,RLearner,0.189720054
1250,SR,0.27857647
1250,DR,0.265983768
1250,ACW,0.481801432
1250,COKE,0.124970661
1250,RLearner,0.145293548
1250,SR,0.330946961
1250,DR,0.251353385
1250,ACW,0.639762739
1250,COKE,0.153498051
1250,RLearner,0.317194822
1250,SR,0.383443477
1250,DR,0.349133419
1250,ACW,0.489886867
1250,COKE,0.233885564
1250,RLearner,0.261460241
1250,SR,0.361381929
1250,DR,0.228651535
1250,ACW,5.422756683
1250,COKE,0.143044701
1250,RLearner,0.18285055
1250,SR,0.327605606
1250,DR,0.289167102
1250,ACW,21.08711663
1250,COKE,0.142687845
1250,RLearner,0.236945024
1250,SR,0.584340455
1250,DR,0.184779372
1250,ACW,0.17957991
1250,COKE,0.22315443
1250,RLearner,0.177661679
1250,SR,0.224492793
1250,DR,0.276928281
1250,ACW,2.239649944
1250,COKE,0.155435725
1250,RLearner,0.217808806
1250,SR,0.371252727
1250,DR,0.295325858
1250,ACW,0.222714138
1250,COKE,0.170548909
1250,RLearner,0.348640265
1250,SR,0.382736829
1250,DR,0.356393817
1250,ACW,24.47829772
1250,COKE,0.182157877
1250,RLearner,0.219080791
1250,SR,0.26419908
1250,DR,0.195889718
1250,ACW,3.195835198
1250,COKE,0.140518174
1250,RLearner,0.168145739
1250,SR,0.328231597
1250,DR,0.262358221
1250,ACW,0.338744773
1250,COKE,0.13956313
1250,RLearner,0.143396857
1250,SR,0.618229508
1250,DR,0.200680036
1250,ACW,0.33833112
1250,COKE,0.16844946
1250,RLearner,0.159670452
1250,SR,0.626182735
1250,DR,0.197441459
1250,ACW,0.617104804
1250,COKE,0.210122092
1250,RLearner,0.15403693
1250,SR,0.381743564
1250,DR,0.2846888
1250,ACW,14.00707992
1250,COKE,0.183124202
1250,RLearner,0.28481676
1250,SR,0.28265626
1250,DR,0.211625748
1250,ACW,0.840401342
1250,COKE,0.142724032
1250,RLearner,0.233376756
1250,SR,0.327595332
1250,DR,0.247147563
1250,ACW,4.495882783
1250,COKE,0.188363758
1250,RLearner,0.14333584
1250,SR,0.37878383
1250,DR,0.197864952
1250,ACW,0.36929696
1250,COKE,0.195901436
1250,RLearner,0.247558724
1250,SR,0.343891902
1250,DR,0.174204402
1250,ACW,0.408488445
1250,COKE,0.144556476
1250,RLearner,0.174860987
1250,SR,0.603643723
1250,DR,0.240953516
1250,ACW,0.364256014
1250,COKE,0.210795435
1250,RLearner,0.192654646
1250,SR,0.596707029
1250,DR,0.245967134
1250,ACW,0.407443985
1250,COKE,0.163458357
1250,RLearner,0.181153744
1250,SR,0.483563883
1250,DR,0.399375292
1250,ACW,0.285715138
1250,COKE,0.204273489
1250,RLearner,0.179824579
1250,SR,0.628189031
1250,DR,0.129757587
1250,ACW,0.181147715
1250,COKE,0.166085367
1250,RLearner,0.18781712
1250,SR,0.371630678
1250,DR,0.266285236
1250,ACW,0.52390634
1250,COKE,0.178437418
1250,RLearner,0.203061376
1250,SR,0.449650144
1250,DR,0.235492734
1250,ACW,0.284961371
1250,COKE,0.20864721
1250,RLearner,0.192489289
1250,SR,0.532244643
1250,DR,0.233038697
1250,ACW,0.1913685
1250,COKE,0.278779977
1250,RLearner,0.307510267
1250,SR,0.64105404
1250,DR,0.190532029
1250,ACW,1.863684614
1250,COKE,0.244431988
1250,RLearner,0.193447064
1250,SR,0.421430266
1250,DR,0.339257584
1250,ACW,0.18953321
1250,COKE,0.151347133
1250,RLearner,0.182598661
1250,SR,0.223428934
1250,DR,0.43256142
1250,ACW,0.358145477
1250,COKE,0.1129799
1250,RLearner,0.224727858
1250,SR,0.302714213
1250,DR,0.253790123
1250,ACW,0.46029254
1250,COKE,0.117096759
1250,RLearner,0.179763023
1250,SR,0.691265477
1250,DR,0.18081883
1250,ACW,0.287445557
1250,COKE,0.219739278
1250,RLearner,0.137359623
1250,SR,0.191383678
1250,DR,0.38303291
1250,ACW,3.992888391
1250,COKE,0.131866687
1250,RLearner,0.173323265
1250,SR,0.303970548
1250,DR,0.229860217
1250,ACW,1.316189289
1250,COKE,0.175956345
1250,RLearner,0.166566362
1250,SR,0.450889198
1250,DR,0.387532255
1250,ACW,1.052371266
1250,COKE,0.164701538
1250,RLearner,0.291163435
1250,SR,0.265914077
1250,DR,0.180121536
1250,ACW,0.43194947
1250,COKE,0.164652403
1250,RLearner,0.19609322
1250,SR,0.353680427
1250,DR,0.216252359
1250,ACW,0.346911141
1250,COKE,0.175053921
1250,RLearner,0.187742467
1250,SR,0.4909598
1250,DR,0.20452741
1250,ACW,1.407939382
1250,COKE,0.215214799
1250,RLearner,0.228046715
1250,SR,0.357812531
1250,DR,0.285822189
1250,ACW,5.260903258
1250,COKE,0.179984945
1250,RLearner,0.205401037
1250,SR,0.518176343
1250,DR,0.256225152
1250,ACW,1.479554842
1250,COKE,0.188034309
1250,RLearner,0.153495338
1250,SR,0.232140053
1250,DR,0.266870684
1250,ACW,0.51921264
1250,COKE,0.125927243
1250,RLearner,0.247450454
1250,SR,0.475192817
1250,DR,0.176612582
1250,ACW,0.465035264
1250,COKE,0.232043153
1250,RLearner,0.155483454
1250,SR,0.288193207
1250,DR,0.268925491
1250,ACW,21.32971893
1250,COKE,0.150613573
1250,RLearner,0.271102329
1500,SR,0.670589865
1500,DR,0.170567925
1500,ACW,2.341584626
1500,COKE,0.233436539
1500,RLearner,0.150882128
1500,SR,0.400616304
1500,DR,0.195978234
1500,ACW,0.361115381
1500,COKE,0.202597897
1500,RLearner,0.19742746
1500,SR,0.60921524
1500,DR,0.160948285
1500,ACW,2.397311447
1500,COKE,0.188098113
1500,RLearner,0.17778599
1500,SR,0.427272216
1500,DR,0.250160005
1500,ACW,0.307085264
1500,COKE,0.190112141
1500,RLearner,0.158813652
1500,SR,0.314139148
1500,DR,0.319085691
1500,ACW,0.262208472
1500,COKE,0.128120917
1500,RLearner,0.181890555
1500,SR,0.365625713
1500,DR,0.16681695
1500,ACW,0.187882022
1500,COKE,0.168996851
1500,RLearner,0.163077858
1500,SR,0.251469335
1500,DR,0.24374349
1500,ACW,0.326376638
1500,COKE,0.133502641
1500,RLearner,0.16564426
1500,SR,0.335819743
1500,DR,0.367081851
1500,ACW,1.690416907
1500,COKE,0.18966922
1500,RLearner,0.192891471
1500,SR,0.274095301
1500,DR,0.182855834
1500,ACW,0.362823935
1500,COKE,0.140791207
1500,RLearner,0.185144842
1500,SR,0.255413143
1500,DR,0.222221545
1500,ACW,0.264386434
1500,COKE,0.163296663
1500,RLearner,0.158432723
1500,SR,0.342325328
1500,DR,0.172950403
1500,ACW,0.210946581
1500,COKE,0.157413846
1500,RLearner,0.180046799
1500,SR,0.323208791
1500,DR,0.242108544
1500,ACW,0.477873016
1500,COKE,0.146925434
1500,RLearner,0.22596644
1500,SR,0.682201955
1500,DR,0.185713881
1500,ACW,0.232967353
1500,COKE,0.179699703
1500,RLearner,0.181428507
1500,SR,0.459601789
1500,DR,0.347052196
1500,ACW,0.448196927
1500,COKE,0.200424282
1500,RLearner,0.210563798
1500,SR,0.294383768
1500,DR,0.18355232
1500,ACW,0.327385675
1500,COKE,0.142733696
1500,RLearner,0.179542263
1500,SR,0.444486136
1500,DR,0.216967561
1500,ACW,0.461698527
1500,COKE,0.173862269
1500,RLearner,0.173910948
1500,SR,0.389411451
1500,DR,0.20042488
1500,ACW,0.297990667
1500,COKE,0.233776352
1500,RLearner,0.161883787
1500,SR,0.507347024
1500,DR,0.189851384
1500,ACW,15.92747858
1500,COKE,0.182784901
1500,RLearner,0.153419667
1500,SR,0.293482702
1500,DR,0.231876763
1500,ACW,7.068468519
1500,COKE,0.140991256
1500,RLearner,0.202562248
1500,SR,0.449757324
1500,DR,0.322538203
1500,ACW,1.126827293
1500,COKE,0.139345526
1500,RLearner,0.224499025
1500,SR,0.294820274
1500,DR,0.179939836
1500,ACW,0.684828772
1500,COKE,0.146501564
1500,RLearner,0.164207322
1500,SR,0.309000893
1500,DR,0.181401936
1500,ACW,0.389735787
1500,COKE,0.141526004
1500,RLearner,0.130354908
1500,SR,0.354684008
1500,DR,0.222249462
1500,ACW,0.347870594
1500,COKE,0.199058605
1500,RLearner,0.173332444
1500,SR,0.444577699
1500,DR,0.190394738
1500,ACW,0.903873415
1500,COKE,0.200170955
1500,RLearner,0.159789963
1500,SR,0.332804988
1500,DR,0.280501752
1500,ACW,0.380066265
1500,COKE,0.150248001
1500,RLearner,0.23605886
1500,SR,0.311003717
1500,DR,0.161800712
1500,ACW,0.78733103
1500,COKE,0.145812716
1500,RLearner,0.211706276
1500,SR,0.379857268
1500,DR,0.19656472
1500,ACW,1.83026836
1500,COKE,0.159399506
1500,RLearner,0.146245054
1500,SR,0.393558027
1500,DR,0.230467363
1500,ACW,0.239713804
1500,COKE,0.162816176
1500,RLearner,0.209447455
1500,SR,0.357205575
1500,DR,0.229422631
1500,ACW,0.645032278
1500,COKE,0.190922417
1500,RLearner,0.141961385
1500,SR,0.377678989
1500,DR,0.210037006
1500,ACW,0.167350967
1500,COKE,0.140412189
1500,RLearner,0.185831854
1500,SR,0.517408267
1500,DR,0.187723347
1500,ACW,2.613801094
1500,COKE,0.183171282
1500,RLearner,0.186891055
1500,SR,0.209392712
1500,DR,0.232631553
1500,ACW,0.36668944
1500,COKE,0.135904473
1500,RLearner,0.176695065
1500,SR,0.282999779
1500,DR,0.21692781
1500,ACW,0.739920719
1500,COKE,0.138902917
1500,RLearner,0.24266969
1500,SR,0.30878965
1500,DR,0.325685724
1500,ACW,0.184409538
1500,COKE,0.221228551
1500,RLearner,0.187274438
1500,SR,0.400790534
1500,DR,0.250612091
1500,ACW,0.680680879
1500,COKE,0.174924021
1500,RLearner,0.2021512
1500,SR,0.327304551
1500,DR,0.197494678
1500,ACW,1.008389487
1500,COKE,0.174514221
1500,RLearner,0.144981189
1500,SR,0.264918768
1500,DR,0.23784456
1500,ACW,0.369128969
1500,COKE,0.164133922
1500,RLearner,0.201189308
1500,SR,0.387405558
1500,DR,0.23980758
1500,ACW,4.770923242
1500,COKE,0.138166057
1500,RLearner,0.189048297
1500,SR,0.433935415
1500,DR,0.194224907
1500,ACW,0.227675044
1500,COKE,0.219755422
1500,RLearner,0.183539185
1500,SR,0.340339974
1500,DR,0.224512747
1500,ACW,2.826039582
1500,COKE,0.17040313
1500,RLearner,0.214234697
1500,SR,0.468071278
1500,DR,0.214087466
1500,ACW,0.318624607
1500,COKE,0.164271322
1500,RLearner,0.156059771
1500,SR,0.289018387
1500,DR,0.335341375
1500,ACW,0.354084736
1500,COKE,0.149546421
1500,RLearner,0.197266543
1500,SR,0.290387184
1500,DR,0.25182218
1500,ACW,8.510097041
1500,COKE,0.178073624
1500,RLearner,0.184724844
1500,SR,0.313492131
1500,DR,0.206374227
1500,ACW,0.263852937
1500,COKE,0.149740527
1500,RLearner,0.18827545
1500,SR,0.318085919
1500,DR,0.199323667
1500,ACW,0.448599913
1500,COKE,0.14819568
1500,RLearner,0.206658907
1500,SR,0.323348281
1500,DR,0.182559201
1500,ACW,0.230455394
1500,COKE,0.152062783
1500,RLearner,0.170725385
1500,SR,0.358667142
1500,DR,0.168704684
1500,ACW,0.317168405
1500,COKE,0.16357321
1500,RLearner,0.171634387
1500,SR,0.280331571
1500,DR,0.268523963
1500,ACW,0.189526782
1500,COKE,0.136688344
1500,RLearner,0.22394125
1500,SR,0.373212355
1500,DR,0.245881837
1500,ACW,1.057361713
1500,COKE,0.133305315
1500,RLearner,0.1935531
1500,SR,0.303875231
1500,DR,0.245288696
1500,ACW,0.551700276
1500,COKE,0.173568133
1500,RLearner,0.244184886
1500,SR,0.276375169
1500,DR,0.185896252
1500,ACW,0.257781267
1500,COKE,0.15546025
1500,RLearner,0.165659628
1500,SR,0.268511662
1500,DR,0.271881734
1500,ACW,8.335197452
1500,COKE,0.122332913
1500,RLearner,0.183357586
1500,SR,0.641736557
1500,DR,0.158544794
1500,ACW,0.255576653
1500,COKE,0.187379492
1500,RLearner,0.197092506
1500,SR,0.397680169
1500,DR,0.232622319
1500,ACW,0.178865351
1500,COKE,0.156242334
1500,RLearner,0.135197456
1500,SR,0.233428766
1500,DR,0.234802237
1500,ACW,1.103292304
1500,COKE,0.121965732
1500,RLearner,0.166464922
1500,SR,0.35269802
1500,DR,0.179100639
1500,ACW,0.407297181
1500,COKE,0.15495935
1500,RLearner,0.175590962
1500,SR,0.388778305
1500,DR,0.21785272
1500,ACW,0.320518601
1500,COKE,0.139399338
1500,RLearner,0.159302593
1500,SR,0.280513745
1500,DR,0.167524155
1500,ACW,0.273178571
1500,COKE,0.117547491
1500,RLearner,0.134210099
1500,SR,0.412918076
1500,DR,0.285916429
1500,ACW,4.390394993
1500,COKE,0.142659156
1500,RLearner,0.171130048
1500,SR,0.319233746
1500,DR,0.372324786
1500,ACW,0.34867697
1500,COKE,0.157106848
1500,RLearner,0.165617032
1500,SR,0.434081526
1500,DR,0.226053015
1500,ACW,1.39988556
1500,COKE,0.129116785
1500,RLearner,0.227937144
1500,SR,0.367787478
1500,DR,0.287554021
1500,ACW,0.487307085
1500,COKE,0.164045822
1500,RLearner,0.211848148
1500,SR,0.443269751
1500,DR,0.188713891
1500,ACW,0.358959393
1500,COKE,0.15848663
1500,RLearner,0.149936519
1500,SR,0.323696293
1500,DR,0.216036896
1500,ACW,0.294841942
1500,COKE,0.143107456
1500,RLearner,0.170265858
1500,SR,0.415228135
1500,DR,0.275049032
1500,ACW,0.173317582
1500,COKE,0.135818613
1500,RLearner,0.21292043
1500,SR,0.213920989
1500,DR,0.252021136
1500,ACW,0.361383169
1500,COKE,0.116876976
1500,RLearner,0.159933744
1500,SR,0.299167628
1500,DR,0.211336274
1500,ACW,0.164901739
1500,COKE,0.118271023
1500,RLearner,0.186398947
1500,SR,0.3011864
1500,DR,0.228913881
1500,ACW,1.756043323
1500,COKE,0.134090329
1500,RLearner,0.168345429
1500,SR,0.294488237
1500,DR,0.155396231
1500,ACW,0.327237517
1500,COKE,0.159611061
1500,RLearner,0.166060787
1500,SR,0.346742051
1500,DR,0.208340104
1500,ACW,0.375726671
1500,COKE,0.205155225
1500,RLearner,0.158365078
1500,SR,0.512871735
1500,DR,0.21688301
1500,ACW,1.789406471
1500,COKE,0.159243361
1500,RLearner,0.203212143
1500,SR,0.236614997
1500,DR,0.327457849
1500,ACW,1.239764554
1500,COKE,0.161619892
1500,RLearner,0.193438725
1500,SR,0.266060073
1500,DR,0.180251924
1500,ACW,0.465342812
1500,COKE,0.160422323
1500,RLearner,0.156009935
1500,SR,0.275716018
1500,DR,0.235441939
1500,ACW,0.437357566
1500,COKE,0.129693499
1500,RLearner,0.172215202
1500,SR,0.352086059
1500,DR,0.162675437
1500,ACW,0.347103997
1500,COKE,0.163647089
1500,RLearner,0.155475677
1500,SR,0.502201012
1500,DR,0.166762865
1500,ACW,0.294587181
1500,COKE,0.213807648
1500,RLearner,0.167210589
1500,SR,0.281029264
1500,DR,0.381112912
1500,ACW,1.815473689
1500,COKE,0.140241686
1500,RLearner,0.255467898
1500,SR,0.349058235
1500,DR,0.24400285
1500,ACW,0.27354895
1500,COKE,0.140642105
1500,RLearner,0.221628025
1500,SR,0.26013707
1500,DR,0.377247619
1500,ACW,5.66098155
1500,COKE,0.121034798
1500,RLearner,0.169904151
1500,SR,0.459452316
1500,DR,0.148584078
1500,ACW,0.616759896
1500,COKE,0.155302003
1500,RLearner,0.190120128
1500,SR,0.399662525
1500,DR,0.189012459
1500,ACW,0.448287136
1500,COKE,0.195866757
1500,RLearner,0.215494906
1500,SR,0.231299237
1500,DR,0.21514422
1500,ACW,0.240919237
1500,COKE,0.144476415
1500,RLearner,0.23163313
1500,SR,0.268342124
1500,DR,0.327394358
1500,ACW,0.404987724
1500,COKE,0.141787957
1500,RLearner,0.163262356
1500,SR,0.30021087
1500,DR,0.170863541
1500,ACW,8.592217038
1500,COKE,0.161610359
1500,RLearner,0.154787058
1500,SR,0.385728878
1500,DR,0.203349713
1500,ACW,0.269360797
1500,COKE,0.127645968
1500,RLearner,0.15819277
1500,SR,0.31714941
1500,DR,0.227790527
1500,ACW,1.316809627
1500,COKE,0.157216594
1500,RLearner,0.208479126
1500,SR,0.289010597
1500,DR,0.339072718
1500,ACW,1.090456445
1500,COKE,0.16763756
1500,RLearner,0.195707631
1500,SR,0.31730461
1500,DR,0.191699151
1500,ACW,0.472684674
1500,COKE,0.146561026
1500,RLearner,0.184411652
1500,SR,0.355412647
1500,DR,0.157753346
1500,ACW,0.709562268
1500,COKE,0.186628154
1500,RLearner,0.15483718
1500,SR,0.351826885
1500,DR,0.206314424
1500,ACW,0.473104922
1500,COKE,0.184204952
1500,RLearner,0.183520438
1500,SR,0.301486652
1500,DR,0.236610155
1500,ACW,0.64975483
1500,COKE,0.143418069
1500,RLearner,0.210853736
1500,SR,0.326451427
1500,DR,0.205855836
1500,ACW,1.632069631
1500,COKE,0.146699868
1500,RLearner,0.196120711
1500,SR,0.384195323
1500,DR,0.242739759
1500,ACW,0.343574126
1500,COKE,0.152603013
1500,RLearner,0.195031656
1500,SR,0.360129489
1500,DR,0.224192789
1500,ACW,0.219373385
1500,COKE,0.171031958
1500,RLearner,0.149887008
1500,SR,0.492415056
1500,DR,0.135488932
1500,ACW,0.422115875
1500,COKE,0.180144646
1500,RLearner,0.171956658
1500,SR,0.244962125
1500,DR,0.173230352
1500,ACW,0.281032008
1500,COKE,0.136153254
1500,RLearner,0.14402011
1500,SR,0.273710655
1500,DR,0.268246032
1500,ACW,0.984947063
1500,COKE,0.159191627
1500,RLearner,0.229264264
1500,SR,0.462004728
1500,DR,0.175507594
1500,ACW,0.90406915
1500,COKE,0.214278839
1500,RLearner,0.214441209
1500,SR,0.51203197
1500,DR,0.372208323
1500,ACW,0.62929816
1500,COKE,0.209810417
1500,RLearner,0.15033585
1500,SR,0.300221725
1500,DR,0.154401426
1500,ACW,0.605979303
1500,COKE,0.161692001
1500,RLearner,0.147776453
