nt,method,risk
250,SR,0.856141230351961
250,DR,0.4756659212380789
250,ACW,30.34615654047169
250,COKE,0.24960945546481772
250,SR,0.6443709110996116
250,DR,0.888749018535755
250,ACW,1.1432712315474183
250,COKE,0.2760681670464951
250,SR,0.5211610787014305
250,DR,0.7111963077199361
250,ACW,0.580787664400053
250,COKE,0.4760036492265759
250,SR,0.658157466786645
250,DR,0.7224302974836655
250,ACW,0.44975321187589434
250,COKE,0.5091969382416
250,SR,0.6728071444131476
250,DR,0.7361098862278199
250,ACW,0.530813884454858
250,COKE,0.2390863079302964
250,SR,0.48157039152960596
250,DR,0.6079585543614316
250,ACW,1.1906910382665845
250,COKE,0.26949505137143065
250,SR,0.7414233977030199
250,DR,0.6008739374273149
250,ACW,0.46325600942873796
250,COKE,0.278025671040217
250,SR,0.5906395972292209
250,DR,0.6323536975749496
250,ACW,0.8948881212500511
250,COKE,0.3054781380465274
250,SR,0.7458296827226385
250,DR,0.8886835699334461
250,ACW,0.36508255777627674
250,COKE,0.3429095554930302
250,SR,0.4756363182350979
250,DR,0.4357632013281644
250,ACW,1.5393159312913949
250,COKE,0.26158857420484155
250,SR,0.7821230607877102
250,DR,0.2484512881955775
250,ACW,0.7757767174348548
250,COKE,0.184914021874725
250,SR,0.7075397650974764
250,DR,0.28367689528744044
250,ACW,4.902234229740035
250,COKE,0.3739478238403825
250,SR,0.5403317295115241
250,DR,0.5667137291681648
250,ACW,8.341794649175172
250,COKE,0.2844910613624363
250,SR,0.7014900843065426
250,DR,0.8643178077634757
250,ACW,7.318115711879647
250,COKE,0.3220717971847038
250,SR,1.1514600479252861
250,DR,0.4411079246633466
250,ACW,84.87357108384629
250,COKE,0.2668628737663929
250,SR,0.4786149888676848
250,DR,0.7984698841099608
250,ACW,0.6670013617290537
250,COKE,0.173662858731314
250,SR,0.6631680916730008
250,DR,0.5037310326371116
250,ACW,0.6030801545033397
250,COKE,0.3492932353603919
250,SR,0.47165653185350037
250,DR,0.6511660065095614
250,ACW,9.378719722872885
250,COKE,0.2536989086090762
250,SR,0.5179443309133972
250,DR,0.344710686321523
250,ACW,0.3778472196729711
250,COKE,0.25603859956927505
250,SR,0.751611123378858
250,DR,0.3162395781636524
250,ACW,0.9726516169020073
250,COKE,0.3424129448790137
250,SR,0.6189196421016283
250,DR,0.48053493597407104
250,ACW,20.09464448815002
250,COKE,0.3894105484863931
250,SR,0.6622714061719785
250,DR,0.5448606458361769
250,ACW,0.5408720379717507
250,COKE,0.2158856391091306
250,SR,0.4899369258493206
250,DR,0.32326486146303485
250,ACW,0.45242324331174233
250,COKE,0.230656404347883
250,SR,0.6247367873336139
250,DR,0.4278001500471623
250,ACW,9.551714241334901
250,COKE,0.28431391783812776
250,SR,0.8246449400468662
250,DR,0.30248068999016703
250,ACW,0.8875502211341368
250,COKE,0.2750357248139655
250,SR,0.4273462057332889
250,DR,0.8105457198568659
250,ACW,1.5770273987019565
250,COKE,0.3112937992859481
250,SR,0.5593377330891961
250,DR,0.5647863165269583
250,ACW,48.06256299667727
250,COKE,0.2075462970501852
250,SR,1.1061786719468452
250,DR,0.45884213278643776
250,ACW,0.4738738512030339
250,COKE,0.269747339069876
250,SR,0.4882551256442188
250,DR,0.4163289049392459
250,ACW,2.405108802635528
250,COKE,0.2941454264057374
250,SR,0.5089971739237736
250,DR,0.6430127818126811
250,ACW,3.189597586211987
250,COKE,0.3053313128366404
250,SR,0.8394678828035872
250,DR,0.6636873371910834
250,ACW,0.24537274896504296
250,COKE,0.2858049302962032
250,SR,0.9172225521882398
250,DR,0.7153907290982298
250,ACW,26.3087134515423
250,COKE,0.5608744834875886
250,SR,0.5303690232591795
250,DR,0.4561911056372769
250,ACW,13.867277994660265
250,COKE,0.22222758613514235
250,SR,0.6525112958562868
250,DR,0.5236659966986311
250,ACW,0.34327657755806085
250,COKE,0.24208556581156632
250,SR,0.5517506418086849
250,DR,0.6549756434911903
250,ACW,6.132982676518641
250,COKE,0.21724229105683027
250,SR,0.7452576821024505
250,DR,0.46868161532205177
250,ACW,4.253515660240773
250,COKE,0.37869502609720307
250,SR,0.4694809017023319
250,DR,0.37007349211649254
250,ACW,0.644681804959078
250,COKE,0.2786766168127337
250,SR,0.38129687501701176
250,DR,0.45361002122072175
250,ACW,1.7183023022429047
250,COKE,0.20814953124864632
250,SR,0.5145025307009491
250,DR,0.3738736203751579
250,ACW,19.972737608509274
250,COKE,0.25463135707871104
250,SR,0.38051447418102896
250,DR,0.6960560466978959
250,ACW,9.315509061346146
250,COKE,0.4966010673459776
250,SR,0.7003969163414207
250,DR,0.6136519588541967
250,ACW,0.8144467637898956
250,COKE,0.23718032348903362
250,SR,0.4431235054430956
250,DR,0.7092988750618243
250,ACW,0.4891839515946436
250,COKE,0.2709960903508352
250,SR,0.5326574309680072
250,DR,0.5037661239271288
250,ACW,9.478455401298296
250,COKE,0.36153641917264623
250,SR,0.6704766274295002
250,DR,0.45193548279601
250,ACW,7.2774057750793855
250,COKE,0.23721245900947688
250,SR,0.6004001441750813
250,DR,0.7130162450353247
250,ACW,6.628656019461033
250,COKE,0.38442685518333475
250,SR,0.9095302363804242
250,DR,0.6184836442872104
250,ACW,6.210125340446371
250,COKE,0.24860537368316463
250,SR,0.7917298750844646
250,DR,0.715531903055476
250,ACW,49.771539032399275
250,COKE,0.48576972186651746
250,SR,0.49893831310613457
250,DR,0.4926104408376321
250,ACW,1.3575774069306554
250,COKE,0.2005189335231677
250,SR,0.5207890741002283
250,DR,0.515833055549344
250,ACW,12.117883902077459
250,COKE,0.232625524819745
250,SR,0.734628101079923
250,DR,0.6138913068961205
250,ACW,3.4045752326266054
250,COKE,0.29708978797800073
250,SR,0.49353251089681943
250,DR,0.7038697361096414
250,ACW,0.8458485612824647
250,COKE,0.39242877394426673
250,SR,0.893201271783211
250,DR,0.5136810830253887
250,ACW,7.44818277416487
250,COKE,0.25930242593210134
250,SR,0.7478081609535947
250,DR,0.8441873055031656
250,ACW,102.30264832013046
250,COKE,0.3664146397218511
250,SR,0.5197610356391026
250,DR,0.4585449491622657
250,ACW,0.7165494708732187
250,COKE,0.22865762578908558
250,SR,0.5214941977093895
250,DR,0.6821805731409472
250,ACW,9.834101407620876
250,COKE,0.32315720695402983
250,SR,0.6919165662321857
250,DR,0.38308739522599444
250,ACW,52.923411388115596
250,COKE,0.20469984449917655
250,SR,0.4997459683185828
250,DR,0.5230860421930523
250,ACW,66.069741729575
250,COKE,0.2851817227597735
250,SR,0.518617671412384
250,DR,0.40842577182431306
250,ACW,4.224921004888451
250,COKE,0.36593102517007364
250,SR,0.37164125723199043
250,DR,0.5811470032524904
250,ACW,0.3139800298165906
250,COKE,0.2973195515198069
250,SR,0.8570195894499256
250,DR,0.4523857413512509
250,ACW,0.525547643416776
250,COKE,0.2808629433837506
250,SR,0.5706504334261494
250,DR,0.30023815299929135
250,ACW,10.121482026570325
250,COKE,0.29916205962572123
250,SR,1.0352114466363136
250,DR,0.3688535141535487
250,ACW,2.5264928126098054
250,COKE,0.40939096706045586
250,SR,0.5340926099128088
250,DR,0.7405978706081061
250,ACW,0.436924783345303
250,COKE,0.26714666759746997
250,SR,0.7063690698537841
250,DR,0.29139714325346583
250,ACW,3.1806000511765857
250,COKE,0.2861592207012074
250,SR,0.49230787669315806
250,DR,0.829676101070606
250,ACW,0.5356964545286778
250,COKE,0.3346931451589518
250,SR,0.6144697473606165
250,DR,0.4164256673789784
250,ACW,2.037794617394436
250,COKE,0.2658822684229731
250,SR,0.6326869965780141
250,DR,0.612601435764947
250,ACW,6.07678179537092
250,COKE,0.390589283596878
250,SR,0.681531574490532
250,DR,0.3234586861419426
250,ACW,9.484888738727788
250,COKE,0.4235337074328175
250,SR,0.8214300209133472
250,DR,0.5641464431148465
250,ACW,0.49258776013823197
250,COKE,0.22470796897302395
250,SR,0.6012650860952937
250,DR,0.49125167252574875
250,ACW,8.398730130668747
250,COKE,0.44266926813829294
250,SR,0.9077726640208666
250,DR,0.31273813464251854
250,ACW,1.1302209015472602
250,COKE,0.26318735599933163
250,SR,0.4710696300311087
250,DR,0.3609894397666753
250,ACW,5.44594775185015
250,COKE,0.2906418468212721
250,SR,0.3299078187767797
250,DR,0.3023667133864248
250,ACW,0.4694903063515332
250,COKE,0.18016085669575554
250,SR,0.36237451824548345
250,DR,0.728867443546782
250,ACW,0.5288174518414392
250,COKE,0.31454755156882114
250,SR,0.36903229539416027
250,DR,0.4003025156326186
250,ACW,4.507759749567142
250,COKE,0.24190175579112455
250,SR,0.5049387620907498
250,DR,0.397298527913906
250,ACW,1.8510359021115352
250,COKE,0.2919099069904949
250,SR,0.8130760333782171
250,DR,0.5752838811280191
250,ACW,1.2701405587216774
250,COKE,0.3852083130159583
250,SR,0.4298370410092926
250,DR,0.5894012693530573
250,ACW,4.97240735493015
250,COKE,0.21141017369432957
250,SR,0.7420278051153438
250,DR,0.3801660183942019
250,ACW,2.378430560345917
250,COKE,0.31884919316745824
250,SR,0.40710223289469705
250,DR,0.4847165976271441
250,ACW,0.579403354555894
250,COKE,0.24348814945222488
250,SR,0.7269623689895033
250,DR,0.4653188642464271
250,ACW,0.35459897955687275
250,COKE,0.3250110429273257
250,SR,0.5698073017760461
250,DR,0.7001481808226417
250,ACW,0.5037553057497297
250,COKE,0.43142888794099526
250,SR,0.5223449962940512
250,DR,0.5387378867233371
250,ACW,2.1206759345406745
250,COKE,0.2789162208180289
250,SR,0.5999550418963668
250,DR,0.5878961166542599
250,ACW,1.332963449886976
250,COKE,0.35115985989124754
250,SR,0.6067514190683063
250,DR,0.3415592245315897
250,ACW,1.0284498791876704
250,COKE,0.28062020714964886
250,SR,0.5710220019443334
250,DR,0.6190040384359239
250,ACW,8.577838849458034
250,COKE,0.2550819118824485
250,SR,0.4543520334292184
250,DR,0.5172601268964911
250,ACW,0.4174688487987437
250,COKE,0.2805435922312758
250,SR,0.545907746915434
250,DR,0.5728978607730896
250,ACW,34.727714980062025
250,COKE,0.2560747669248388
250,SR,0.7820581422096606
250,DR,0.5309328792365886
250,ACW,0.3246793542246966
250,COKE,0.5152217067346629
250,SR,0.41213199560407404
250,DR,0.4987684849720994
250,ACW,0.32123316843187183
250,COKE,0.20801612933799046
250,SR,0.7509422431246068
250,DR,0.5388976413104453
250,ACW,8.157979613675627
250,COKE,0.33598576943914216
250,SR,0.4548365581203082
250,DR,0.4593126399635239
250,ACW,0.4706289207919607
250,COKE,0.48022958761941137
250,SR,0.4743411109612621
250,DR,0.44066175614233044
250,ACW,1.726665645044516
250,COKE,0.28221633857904543
250,SR,0.49941526691377314
250,DR,0.42024250047687695
250,ACW,9.56969218298068
250,COKE,0.31267936398345897
250,SR,0.7353182239639261
250,DR,0.6232998278995632
250,ACW,0.28822424844288363
250,COKE,0.3138643257418531
250,SR,0.39303980302778463
250,DR,0.43893740783988067
250,ACW,6.0040620843355255
250,COKE,0.2291584175004795
250,SR,0.47600523393469557
250,DR,0.7642237738916028
250,ACW,22.996563498983857
250,COKE,0.22916806690337466
250,SR,0.44873037571555435
250,DR,0.689905580271727
250,ACW,2.8578457366175933
250,COKE,0.42902405035092417
250,SR,0.6683801164206643
250,DR,0.5588879711900923
250,ACW,0.8449510788623018
250,COKE,0.3111287591932084
250,SR,0.765611636060613
250,DR,0.3752259367784788
250,ACW,4.6643634804189285
250,COKE,0.20373477891058722
500,SR,0.6578623928960862
500,DR,0.35009313194759595
500,ACW,14.333853701490208
500,COKE,0.22338857860328218
500,SR,0.8938641781531375
500,DR,0.3095756064452813
500,ACW,22.42163298596946
500,COKE,0.16059898969864042
500,SR,0.6197730249946622
500,DR,0.36468799811541386
500,ACW,0.44139500594613
500,COKE,0.2148846006533825
500,SR,0.47855408102506136
500,DR,0.22820438510850127
500,ACW,3.5786388936994307
500,COKE,0.21804255158872538
500,SR,0.7355374394844888
500,DR,0.44338186054320633
500,ACW,11.063586938317695
500,COKE,0.23454979737121104
500,SR,0.7441153208752536
500,DR,0.5643270083656494
500,ACW,0.31562896440199417
500,COKE,0.21639752706936566
500,SR,0.4995155184539939
500,DR,0.5712189768274316
500,ACW,3.1773201733539653
500,COKE,0.24260449649185734
500,SR,0.5772654805800861
500,DR,0.4479193163953433
500,ACW,4.107352744828667
500,COKE,0.2416255524009564
500,SR,0.9508463666459155
500,DR,0.35702335724629963
500,ACW,0.6476986070833056
500,COKE,0.25657634261861956
500,SR,0.5298553619518434
500,DR,0.26794848135829724
500,ACW,0.5646485800096778
500,COKE,0.26679540887960396
500,SR,0.7882392785442075
500,DR,0.33578204683459034
500,ACW,0.3749516983777185
500,COKE,0.23393163508655512
500,SR,0.46243540219620316
500,DR,0.3371019620290364
500,ACW,1.0505990989190666
500,COKE,0.22173201173311546
500,SR,0.5437776967742061
500,DR,0.42111191477484117
500,ACW,0.949914483666862
500,COKE,0.24610963495287894
500,SR,0.3581124708590546
500,DR,0.573446549198811
500,ACW,0.32014159688161703
500,COKE,0.18575285614386927
500,SR,0.5504005670956054
500,DR,0.3818023336578543
500,ACW,0.3258901297500428
500,COKE,0.22907060907031382
500,SR,0.414685060951708
500,DR,0.4416369026373492
500,ACW,0.6494011482843169
500,COKE,0.26775393472314074
500,SR,0.4393273871459949
500,DR,0.3005647178273138
500,ACW,4.1635563584628414
500,COKE,0.20669179384676473
500,SR,0.460462821361012
500,DR,0.4059942492519064
500,ACW,5.383802469500127
500,COKE,0.2731225679568884
500,SR,0.3450897432516709
500,DR,0.48128748901511187
500,ACW,0.5082878803700891
500,COKE,0.22750072139653152
500,SR,0.749850046091638
500,DR,0.31687175559409736
500,ACW,4.001621643844584
500,COKE,0.21917097568049634
500,SR,0.34968040786893756
500,DR,0.4964286539452034
500,ACW,0.357173072388981
500,COKE,0.2055202997077654
500,SR,0.5166426332100897
500,DR,0.3137768587505085
500,ACW,2.2508850043284716
500,COKE,0.29247943165107476
500,SR,0.44079568210659636
500,DR,0.284149277028426
500,ACW,0.46605325996603114
500,COKE,0.22781295202862556
500,SR,1.0300061320697824
500,DR,0.3243224310469923
500,ACW,0.24281015989395827
500,COKE,0.27227440824732113
500,SR,0.6366345892491364
500,DR,0.26598512162343946
500,ACW,4.772384503135833
500,COKE,0.23313576814547715
500,SR,0.865096061973798
500,DR,0.33269850792199984
500,ACW,1.5612779990808943
500,COKE,0.36781780112002377
500,SR,0.5738152518017473
500,DR,0.3008378196113746
500,ACW,2.4894983835923505
500,COKE,0.20001316579350847
500,SR,0.3034325572828396
500,DR,0.36390377756558073
500,ACW,3.4454390630869174
500,COKE,0.16991183073334273
500,SR,0.8231621611154362
500,DR,0.2917890623857162
500,ACW,1.6631386474468768
500,COKE,0.29529311148984805
500,SR,0.8569730535373287
500,DR,0.523519304523267
500,ACW,0.5072862482327105
500,COKE,0.24548980392361056
500,SR,0.30510243315325597
500,DR,0.4241606655217659
500,ACW,2.174394642457785
500,COKE,0.18434580897100178
500,SR,0.5427114266191394
500,DR,0.397476681517925
500,ACW,3.3538768565398045
500,COKE,0.27307542784359845
500,SR,0.40244008568456086
500,DR,0.4797363062560228
500,ACW,2.463908558162792
500,COKE,0.2297899587072589
500,SR,0.315987991893847
500,DR,0.45061613854455357
500,ACW,12.51295191120077
500,COKE,0.18052516303051022
500,SR,0.8534221672627506
500,DR,0.42214000797658807
500,ACW,8.703266551263532
500,COKE,0.360634275250769
500,SR,0.5528829890310859
500,DR,0.2826558901651663
500,ACW,0.3694213821799827
500,COKE,0.1797785584972683
500,SR,0.7459366965934788
500,DR,0.37387726447137765
500,ACW,0.4700229575831612
500,COKE,0.26328224217501034
500,SR,0.6817868172730543
500,DR,0.43360260803120393
500,ACW,3.76624886218029
500,COKE,0.29950384153085197
500,SR,0.5963510550314964
500,DR,0.46422319817085816
500,ACW,0.4958180022466523
500,COKE,0.2583108752181697
500,SR,0.5393206918486274
500,DR,0.2499619492176453
500,ACW,1.269809519299074
500,COKE,0.1792502014725138
500,SR,0.28083772983334643
500,DR,0.5378251359539691
500,ACW,0.1829932658821372
500,COKE,0.18149790225940052
500,SR,0.4786199402967256
500,DR,0.4045442037872658
500,ACW,1.9253459109109607
500,COKE,0.1952969516973155
500,SR,0.5595842186693277
500,DR,0.43824869386034715
500,ACW,2.586561225782559
500,COKE,0.21335545011799453
500,SR,0.7694001091297832
500,DR,0.21723832808969942
500,ACW,0.39144337317240707
500,COKE,0.29098117059978656
500,SR,0.37017750294990076
500,DR,0.6936673994647
500,ACW,0.4917820171450069
500,COKE,0.21368285193449965
500,SR,0.38688819723021034
500,DR,0.4074269575395187
500,ACW,1.069773229972566
500,COKE,0.1703392381203151
500,SR,0.73501994358231
500,DR,0.3103179754176883
500,ACW,2.8234076669947274
500,COKE,0.21795846001869926
500,SR,0.33033296706273996
500,DR,0.448236914536926
500,ACW,0.23752746715043105
500,COKE,0.18689409105235777
500,SR,0.7721536668330329
500,DR,0.36746213162091174
500,ACW,0.9927773217332262
500,COKE,0.29743055471951185
500,SR,0.3731064119934985
500,DR,0.47544528195956637
500,ACW,5.971678541552457
500,COKE,0.2577339180432267
500,SR,0.27610123599106867
500,DR,0.5474982377483156
500,ACW,8.570767292684655
500,COKE,0.21603327923384621
500,SR,0.386313163290762
500,DR,0.2768979998456535
500,ACW,0.32478283099960453
500,COKE,0.15565887478975585
500,SR,0.32760839522569196
500,DR,0.3633800812318525
500,ACW,35.26728398351379
500,COKE,0.31838955207619857
500,SR,0.445520007552217
500,DR,0.5789003258539426
500,ACW,3.33723406805942
500,COKE,0.2589461437290958
500,SR,0.4392051119717849
500,DR,0.7040886264393432
500,ACW,0.553983314347527
500,COKE,0.27516705390046525
500,SR,0.4569285760625252
500,DR,0.35458158819504426
500,ACW,0.4861014822404788
500,COKE,0.238255760989992
500,SR,0.812194528757557
500,DR,0.38888439659350776
500,ACW,1.1659494632734142
500,COKE,0.2504399241026049
500,SR,0.4449761051799738
500,DR,0.5917765460139848
500,ACW,0.4517372914680066
500,COKE,0.23707588373952412
500,SR,0.38028196873850456
500,DR,0.40358116124018145
500,ACW,0.44222301847354173
500,COKE,0.1890061559173588
500,SR,0.4504902790685209
500,DR,0.31930670671133865
500,ACW,0.4916274620795687
500,COKE,0.22107593679510104
500,SR,0.3800494642403127
500,DR,0.6469781612334051
500,ACW,29.723370986451645
500,COKE,0.2499306424032088
500,SR,0.3843713612573894
500,DR,0.6059257183598956
500,ACW,0.5273331610518418
500,COKE,0.24096800497885323
500,SR,0.9781349614811836
500,DR,0.2949161832360839
500,ACW,5.63779695026989
500,COKE,0.232823643731501
500,SR,0.5559750865963536
500,DR,0.5253031180254905
500,ACW,1.7687415054232323
500,COKE,0.3310010490224891
500,SR,0.654490993288846
500,DR,0.35303078956918554
500,ACW,0.6579797233276071
500,COKE,0.3156244302347565
500,SR,0.4230528295380327
500,DR,0.38371293092592446
500,ACW,1.320714611965611
500,COKE,0.25882480530428653
500,SR,0.39508690380375117
500,DR,0.47574933839615313
500,ACW,0.4852760913893164
500,COKE,0.29962216558879157
500,SR,0.4069340885769229
500,DR,0.49038355979215315
500,ACW,0.755538232284624
500,COKE,0.24384116795589725
500,SR,0.45297779211313155
500,DR,0.5949337250003056
500,ACW,11.92683041834708
500,COKE,0.2923849243685945
500,SR,0.7593295968278629
500,DR,0.4182608572982488
500,ACW,0.504063640224461
500,COKE,0.28562367721119636
500,SR,0.5398337868749649
500,DR,0.42749402742901266
500,ACW,2.389021640449768
500,COKE,0.20909057147943982
500,SR,0.7456183603422359
500,DR,0.4001130936783401
500,ACW,0.7726326093457812
500,COKE,0.3365351472736606
500,SR,0.4695975128661582
500,DR,0.30280556029052685
500,ACW,0.3188887982786768
500,COKE,0.29530451212799325
500,SR,0.4668198480898123
500,DR,0.370402706538816
500,ACW,2.6135657568968482
500,COKE,0.22190046237241035
500,SR,0.6078266841167815
500,DR,0.32586914584723536
500,ACW,0.43755236032780503
500,COKE,0.3679613876198123
500,SR,0.3185114316186633
500,DR,0.388341221802808
500,ACW,2.9386200686436905
500,COKE,0.18951779355357432
500,SR,0.7205073383258807
500,DR,0.18364521856769533
500,ACW,0.4724191725372624
500,COKE,0.18545627980060586
500,SR,1.0980809524395023
500,DR,0.27451974398388185
500,ACW,0.4967214818402289
500,COKE,0.28299137569552024
500,SR,0.457719750145131
500,DR,0.4655863927029938
500,ACW,0.4663491714661526
500,COKE,0.2522988029570722
500,SR,0.4502484588366991
500,DR,0.45767924412038463
500,ACW,0.5188844292579132
500,COKE,0.23742007625512937
500,SR,0.276015370404996
500,DR,0.35489038582038
500,ACW,1.1380674001329862
500,COKE,0.21607364140466875
500,SR,0.34596397397585565
500,DR,0.42753072278892895
500,ACW,0.6836068519749988
500,COKE,0.18920338791575278
500,SR,0.5700336806406936
500,DR,0.3524201116569378
500,ACW,13.218546937005865
500,COKE,0.20171016637639755
500,SR,0.8505065973777395
500,DR,0.4841378102000346
500,ACW,0.4211331510935188
500,COKE,0.37106549190109006
500,SR,0.47971871518634923
500,DR,0.5456441634181034
500,ACW,1.656230955584822
500,COKE,0.2383203521859639
500,SR,0.717525632619825
500,DR,0.6880295598431411
500,ACW,0.5007236170623465
500,COKE,0.36381224510172067
500,SR,0.4173046029668154
500,DR,0.5048707857407919
500,ACW,0.23630934533578934
500,COKE,0.21407986585133684
500,SR,0.6576594486063151
500,DR,0.4798727825241714
500,ACW,0.5052379704046895
500,COKE,0.23761116330729784
500,SR,0.7308711717204788
500,DR,0.3011097653126211
500,ACW,4.063053988882133
500,COKE,0.19733883641814853
500,SR,0.4021968959920718
500,DR,0.5289628161022016
500,ACW,0.49605367131396716
500,COKE,0.15622752877138107
500,SR,0.5652214695805668
500,DR,0.2578398224070581
500,ACW,2.897012702101168
500,COKE,0.31763487336046603
500,SR,0.46011346236578854
500,DR,1.4593743250703615
500,ACW,0.4198853334273415
500,COKE,0.2228199869436578
500,SR,0.33950311320494314
500,DR,0.4194549720513244
500,ACW,0.4715555136173583
500,COKE,0.476486529900818
500,SR,0.6560547100514323
500,DR,0.40018860797996836
500,ACW,0.4825981692175379
500,COKE,0.21382423360780134
500,SR,0.3970109816251358
500,DR,0.5213992828944295
500,ACW,0.8972804416185943
500,COKE,0.21574609434940276
500,SR,0.7216785238025695
500,DR,0.38972684363026167
500,ACW,0.6760250915311635
500,COKE,0.17964289114858953
500,SR,0.5690701760665584
500,DR,0.48622058229694765
500,ACW,0.6814040596661816
500,COKE,0.2011370751763341
500,SR,0.5693326884310687
500,DR,0.2555004993634465
500,ACW,3.169155994845364
500,COKE,0.2884215820631606
500,SR,0.5147905779803962
500,DR,0.4679675938804369
500,ACW,0.2943039742244951
500,COKE,0.2068703681715113
500,SR,0.6971155995517131
500,DR,0.27125727727937293
500,ACW,1.5726057150243922
500,COKE,0.2596587008964031
750,SR,0.6622587580457437
750,DR,0.28975599856061224
750,ACW,0.45708311437365357
750,COKE,0.19213442500433914
750,SR,0.6491763370203866
750,DR,0.3209605947904988
750,ACW,2.4983828217618838
750,COKE,0.21309878860528325
750,SR,0.5900710968190026
750,DR,0.4115006818711748
750,ACW,0.40010726283098363
750,COKE,0.25657387093613937
750,SR,0.6630684568902623
750,DR,0.3782973961881884
750,ACW,4.8275945327943335
750,COKE,0.1963600869742263
750,SR,0.3819004174818522
750,DR,0.3940128885157808
750,ACW,0.2967552852727417
750,COKE,0.22734596860842804
750,SR,0.3722185211898248
750,DR,0.3934675235051246
750,ACW,0.17622455362432535
750,COKE,0.20063780507000364
750,SR,0.425889676142029
750,DR,0.3109466812981425
750,ACW,4.023427955856138
750,COKE,0.24562484358203565
750,SR,0.2826122138732568
750,DR,0.47996752767747375
750,ACW,0.46093166297755445
750,COKE,0.17347369332747814
750,SR,0.36782009306692653
750,DR,0.17918215892093445
750,ACW,8.85803418320969
750,COKE,0.16839189982511274
750,SR,0.5803549832435517
750,DR,0.4011327489815887
750,ACW,0.4428835180847309
750,COKE,0.20655519750903653
750,SR,0.3551229091990379
750,DR,0.3173226412669238
750,ACW,2.7306125228591736
750,COKE,0.1615043392488271
750,SR,0.422914135354512
750,DR,0.33689344281847955
750,ACW,0.48213207184279006
750,COKE,0.24327798100178616
750,SR,0.29656485329143845
750,DR,0.4410686057421295
750,ACW,0.9041167166631201
750,COKE,0.19475963377893318
750,SR,0.3676450027117583
750,DR,0.6062114125188708
750,ACW,15.633379072007648
750,COKE,0.17883018344553786
750,SR,0.4534450083301698
750,DR,0.34423116038444496
750,ACW,0.20499101994559624
750,COKE,0.26093334492837417
750,SR,0.4777436047694726
750,DR,0.2718986560411432
750,ACW,1.4537420133865477
750,COKE,0.22829959662751048
750,SR,0.42358737508285277
750,DR,0.2847184019323174
750,ACW,0.40664390115710985
750,COKE,0.2803016629608852
750,SR,0.36996654261689216
750,DR,0.27687452228835774
750,ACW,0.3698901441476983
750,COKE,0.1866571330319785
750,SR,0.4242460051449605
750,DR,0.3821827310313607
750,ACW,2.216642957944814
750,COKE,0.1902983030759711
750,SR,0.26674230178255176
750,DR,0.4398011164723262
750,ACW,0.47417048026227404
750,COKE,0.15086724923342645
750,SR,0.5343933974726304
750,DR,0.2612911524415527
750,ACW,0.7906619564911829
750,COKE,0.209473878692346
750,SR,0.4398790848028467
750,DR,0.3571644951745353
750,ACW,1.2879474311417622
750,COKE,0.16687297724125952
750,SR,0.548458057758332
750,DR,0.5196984145766113
750,ACW,1.3226364795495782
750,COKE,0.18213790880300199
750,SR,0.42881360254280015
750,DR,0.2766483690141282
750,ACW,0.3646837621439835
750,COKE,0.18699862386946045
750,SR,0.4309280602526093
750,DR,0.19778889374842548
750,ACW,2.5947257341689025
750,COKE,0.2659942519995231
750,SR,0.4746405694703335
750,DR,0.3422764754059331
750,ACW,0.6518763353860558
750,COKE,0.19085269515880096
750,SR,0.32306320817633705
750,DR,0.3851454968185475
750,ACW,4.910808319049664
750,COKE,0.21399516165768984
750,SR,0.49885344868325027
750,DR,0.30438763762195176
750,ACW,1.3409184658616011
750,COKE,0.17371596300749792
750,SR,0.4629006418407692
750,DR,0.3127406824774727
750,ACW,1.9196529909226328
750,COKE,0.2670406777351399
750,SR,0.6487960671742002
750,DR,0.2681362236786261
750,ACW,4.3807478405844495
750,COKE,0.21814986751028417
750,SR,0.6345619131600492
750,DR,0.23113817169193476
750,ACW,0.9602079423595058
750,COKE,0.32030707926049007
750,SR,0.5362363318768588
750,DR,0.3776923106146896
750,ACW,11.270707525878269
750,COKE,0.22771518090738826
750,SR,0.6951475641925088
750,DR,0.29171462772579615
750,ACW,0.39991616154845494
750,COKE,0.17214792924765893
750,SR,0.349265662654083
750,DR,0.3998213269182829
750,ACW,0.5881123297861185
750,COKE,0.16485218329636506
750,SR,0.49208038163619094
750,DR,0.572904080561369
750,ACW,0.48438681325343025
750,COKE,0.1783753375629262
750,SR,0.3111910433416819
750,DR,0.23007333936343466
750,ACW,0.5073032472917105
750,COKE,0.25629294027051663
750,SR,0.4695198588376259
750,DR,0.2003838544853498
750,ACW,0.28561851802776833
750,COKE,0.2705481909830867
750,SR,0.44081295798404335
750,DR,0.3493069284602986
750,ACW,0.4301061017421116
750,COKE,0.18103709778048307
750,SR,0.5016110540373422
750,DR,0.3727144045013547
750,ACW,1.0432264290287194
750,COKE,0.21947389077829144
750,SR,0.5605204960694536
750,DR,0.3810094248769582
750,ACW,0.38201733966446966
750,COKE,0.16730529437694577
750,SR,0.4941976109752375
750,DR,0.3392795736473543
750,ACW,0.443900070058473
750,COKE,0.1420713116268243
750,SR,0.7647568012255831
750,DR,0.2878366722654329
750,ACW,1.3821231847646394
750,COKE,0.32565693910334764
750,SR,0.49652512238194896
750,DR,0.34346751152080773
750,ACW,0.3227824975477396
750,COKE,0.18098862952828573
750,SR,0.6337982879187027
750,DR,0.38124992308489397
750,ACW,1.1071398592334936
750,COKE,0.27103559682115375
750,SR,0.5959711002082309
750,DR,0.20873066867212448
750,ACW,0.25409275488203187
750,COKE,0.2284196435817616
750,SR,0.2986334510203932
750,DR,0.5793925182580784
750,ACW,1.8627101020011403
750,COKE,0.18066347438856833
750,SR,0.28807671405364615
750,DR,0.4483611015387446
750,ACW,0.19705851026458582
750,COKE,0.19065775584745273
750,SR,0.7130156157619
750,DR,0.19211640117925166
750,ACW,0.40772812150110366
750,COKE,0.21030320472410505
750,SR,0.427742917326739
750,DR,0.2354474425013373
750,ACW,0.20012511379663384
750,COKE,0.18869612964156868
750,SR,0.6425246851483702
750,DR,0.23434717060508214
750,ACW,3.767280481636952
750,COKE,0.19947446815960815
750,SR,0.4582084870631369
750,DR,0.2915141065778322
750,ACW,0.28070959981963095
750,COKE,0.25585496231819976
750,SR,0.5010025650213122
750,DR,0.4043719173499874
750,ACW,1.252984324741364
750,COKE,0.2611905151535681
750,SR,0.6781415585312669
750,DR,0.23027968590794456
750,ACW,0.8876005051276418
750,COKE,0.272914783990196
750,SR,0.7251258757181542
750,DR,0.409407367782506
750,ACW,5.571971703804684
750,COKE,0.20780413842172987
750,SR,0.45556716352332294
750,DR,0.3314759259729173
750,ACW,0.6582488927281712
750,COKE,0.24123261315910835
750,SR,0.29075607865210906
750,DR,0.33307808468826855
750,ACW,4.536641517900355
750,COKE,0.16484161197710567
750,SR,0.5103857630968316
750,DR,0.5137018713252353
750,ACW,7.442997902856225
750,COKE,0.20136252339240576
750,SR,0.5193819227525984
750,DR,0.42738958016533396
750,ACW,0.47986511015686945
750,COKE,0.20239106086714628
750,SR,0.6145030463916915
750,DR,0.30970834484351906
750,ACW,6.626607886508459
750,COKE,0.3583683361310804
750,SR,0.537329738952901
750,DR,0.429114243126911
750,ACW,0.4303806831685966
750,COKE,0.1842047159705706
750,SR,0.6220258646132364
750,DR,0.20162062636038644
750,ACW,0.36134193006571513
750,COKE,0.311861856377751
750,SR,0.403241343346935
750,DR,0.646282628563005
750,ACW,0.4316616833103372
750,COKE,0.191644468181774
750,SR,0.38601839501308144
750,DR,0.42042434424169667
750,ACW,1.5879958840694068
750,COKE,0.1705914270853493
750,SR,0.5518782030970036
750,DR,0.3093977916710013
750,ACW,3.1595333067498985
750,COKE,0.1903089133219074
750,SR,0.4758828911922251
750,DR,0.32437730656020286
750,ACW,0.5819576383844305
750,COKE,0.19198046668268307
750,SR,0.33900097044209343
750,DR,0.38141171085113945
750,ACW,0.3161795837350076
750,COKE,0.15397683129232434
750,SR,0.3346588816487747
750,DR,0.464332711056219
750,ACW,0.4857374664369431
750,COKE,0.1860263778798132
750,SR,0.5391289325020283
750,DR,0.23893392362206306
750,ACW,3.643643319138512
750,COKE,0.21408532888629989
750,SR,0.43114806818024554
750,DR,0.411438235812492
750,ACW,0.4669612871222833
750,COKE,0.19366832893158395
750,SR,0.4549182314855237
750,DR,0.34825304142154573
750,ACW,9.173554734510116
750,COKE,0.22029525374353057
750,SR,0.5205481745411417
750,DR,0.37209278441224725
750,ACW,0.4727441313855852
750,COKE,0.21540878099786065
750,SR,0.4688046257280366
750,DR,0.29011551223798027
750,ACW,4.26524921098775
750,COKE,0.27955943219971907
750,SR,0.40717700347943736
750,DR,0.4316078698869028
750,ACW,1.589685611366292
750,COKE,0.18082170697650896
750,SR,0.6633173960812037
750,DR,0.22457599388449984
750,ACW,2.2600223660751575
750,COKE,0.4277165114436007
750,SR,0.4384303021294164
750,DR,0.413492553127959
750,ACW,1.4089695257538104
750,COKE,0.19002625400988704
750,SR,0.30906665727697386
750,DR,0.21395721846513216
750,ACW,16.457652536381328
750,COKE,0.16226336892485643
750,SR,0.3439215306705885
750,DR,0.3838188079828719
750,ACW,2.7233409894064984
750,COKE,0.18099062886743086
750,SR,0.4373188814931267
750,DR,0.4703077668992857
750,ACW,0.44386022641393763
750,COKE,0.18327110546794592
750,SR,0.3691335042953145
750,DR,0.26629442413794957
750,ACW,8.100396481726698
750,COKE,0.2165738170309241
750,SR,0.5439286205710409
750,DR,0.21667321872427184
750,ACW,0.4876916188799996
750,COKE,0.26445104333163677
750,SR,0.31787657973060557
750,DR,0.32684007190458325
750,ACW,0.5147832219226917
750,COKE,0.2283439311809209
750,SR,0.3962623172611901
750,DR,0.4685878393789703
750,ACW,4.221412372462756
750,COKE,0.21477323037648965
750,SR,0.6660607354158111
750,DR,0.3598443102633301
750,ACW,0.3655184120966126
750,COKE,0.17328701919853767
750,SR,0.40165453075306684
750,DR,0.2447146186890078
750,ACW,0.210608458370616
750,COKE,0.3243902510850216
750,SR,0.502505109963093
750,DR,0.36092532076950823
750,ACW,0.44978424424886726
750,COKE,0.17926748145896443
750,SR,0.4403540150121391
750,DR,0.257437461979039
750,ACW,2.0915999459115238
750,COKE,0.20163656252020926
750,SR,0.6011345167148078
750,DR,0.3970041360779345
750,ACW,0.38410164382194434
750,COKE,0.2866354677379679
750,SR,0.3753443020678794
750,DR,0.3528190492417272
750,ACW,0.4497204059999104
750,COKE,0.21998692062296687
750,SR,0.34494751732115664
750,DR,0.2842615621633944
750,ACW,1.9837446645946886
750,COKE,0.2552152544896348
750,SR,0.7451350632776024
750,DR,0.3916495305718964
750,ACW,4.972973705652553
750,COKE,0.1942645705505267
750,SR,0.4185412027965972
750,DR,0.3260542137597904
750,ACW,0.3492514094349559
750,COKE,0.1666608947710627
750,SR,0.6874627986575131
750,DR,0.27288361115860793
750,ACW,0.4795410162892534
750,COKE,0.23630655799655864
750,SR,0.39796922811232077
750,DR,0.35429294889345536
750,ACW,4.854784353849987
750,COKE,0.17508542328991245
750,SR,0.35981459382168984
750,DR,0.4109608336359417
750,ACW,2.0839339380258037
750,COKE,0.17425553920925194
750,SR,0.576019024622103
750,DR,0.2876885622541447
750,ACW,0.23491193244993275
750,COKE,0.3142230146137166
750,SR,0.39571591759222763
750,DR,0.2958531785662441
750,ACW,22.219272870682186
750,COKE,0.15866293975822687
750,SR,0.31786081662668203
750,DR,0.41300287665609065
750,ACW,0.4984006007511507
750,COKE,0.1543284777493482
750,SR,0.8822509681686028
750,DR,0.36575574984276393
750,ACW,0.9567309963345768
750,COKE,0.2404040732572232
750,SR,0.8087677333660102
750,DR,0.20763629510375903
750,ACW,1.5562376705148697
750,COKE,0.35369654770173925
750,SR,0.3580165352334207
750,DR,0.4438472543900145
750,ACW,3.612691176178953
750,COKE,0.17806876179159423
1000,SR,0.2965272873130034
1000,DR,0.21765841994496612
1000,ACW,0.2822329811621282
1000,COKE,0.23230970100598716
1000,SR,0.49699414202839326
1000,DR,0.2746531889567237
1000,ACW,0.41580753111387914
1000,COKE,0.17375669119494938
1000,SR,0.4457521977112352
1000,DR,0.4129733792035955
1000,ACW,0.26409788388532496
1000,COKE,0.22465549731063805
1000,SR,0.2826032375854014
1000,DR,0.30179667333907056
1000,ACW,0.4989671369994816
1000,COKE,0.16564205419449168
1000,SR,0.4346389077477098
1000,DR,0.37019733515729614
1000,ACW,11.408628892501252
1000,COKE,0.16650059625277397
1000,SR,0.4105595446712594
1000,DR,0.3281546217720632
1000,ACW,0.4251729715073602
1000,COKE,0.16639368381762498
1000,SR,0.5566347972901012
1000,DR,0.21960511146143455
1000,ACW,0.18780046258203237
1000,COKE,0.2824947189805718
1000,SR,0.3940418536905872
1000,DR,0.33310925100656746
1000,ACW,0.3692039536523399
1000,COKE,0.15637850334737194
1000,SR,0.4016178255032316
1000,DR,0.247983090262922
1000,ACW,5.424799912037838
1000,COKE,0.18678090684055146
1000,SR,0.4021334603957819
1000,DR,0.4857024717049406
1000,ACW,0.33339522498943
1000,COKE,0.18446271574259873
1000,SR,0.45008316900314366
1000,DR,0.42162483918181987
1000,ACW,0.30665157229692586
1000,COKE,0.15575887037548036
1000,SR,0.3387098922237209
1000,DR,0.3193613727947935
1000,ACW,0.5063577027467424
1000,COKE,0.18711638655468463
1000,SR,0.4550975365480266
1000,DR,0.34656117716654977
1000,ACW,0.42851116933724226
1000,COKE,0.20848211066405262
1000,SR,0.40800947368579643
1000,DR,0.17892471898971848
1000,ACW,0.36928636107927687
1000,COKE,0.14932549949355753
1000,SR,0.3290014068543373
1000,DR,0.24348562810304716
1000,ACW,0.6119837986099551
1000,COKE,0.18373347282187888
1000,SR,0.350933488504775
1000,DR,0.4397438756098085
1000,ACW,0.48181630575077977
1000,COKE,0.15388659924053527
1000,SR,0.8586505304157958
1000,DR,0.19295288266820304
1000,ACW,1.0252082278917887
1000,COKE,0.29686036874941724
1000,SR,0.4076978139095008
1000,DR,0.3252482664220668
1000,ACW,1.1395250197144213
1000,COKE,0.18322892594519644
1000,SR,0.40184640504884206
1000,DR,0.31218008421422305
1000,ACW,0.17000916412661493
1000,COKE,0.1730730923012577
1000,SR,0.35732422016620163
1000,DR,0.28961238355485686
1000,ACW,2.414839946133732
1000,COKE,0.17946349195009906
1000,SR,0.43995394946647304
1000,DR,0.1698625436398989
1000,ACW,0.23593701972299996
1000,COKE,0.2823591999512989
1000,SR,0.34997382664044924
1000,DR,0.24029413022984053
1000,ACW,0.26807773216317293
1000,COKE,0.22820337466636048
1000,SR,0.3810127575058076
1000,DR,0.3676839570334132
1000,ACW,0.2755769787899927
1000,COKE,0.23397646818296902
1000,SR,0.47798865911380817
1000,DR,0.20188132290793107
1000,ACW,0.35901067559514277
1000,COKE,0.27115080443217787
1000,SR,0.4821174037219433
1000,DR,0.32460723477768083
1000,ACW,1.0358866749287416
1000,COKE,0.25918296209809166
1000,SR,0.31940313834736317
1000,DR,0.3365866092836572
1000,ACW,12.391353610890675
1000,COKE,0.14896222246676963
1000,SR,0.4375734180580849
1000,DR,0.2899012859248648
1000,ACW,0.2682285906709662
1000,COKE,0.1886421516850107
1000,SR,0.24693082067740352
1000,DR,0.2304644194419824
1000,ACW,0.5108146943702468
1000,COKE,0.21067320850143723
1000,SR,0.4590733600554054
1000,DR,0.4275991740105197
1000,ACW,0.44189189555764324
1000,COKE,0.21626191671738343
1000,SR,0.32196450169319035
1000,DR,0.16428003889865322
1000,ACW,3.176449897303952
1000,COKE,0.11413623751663238
1000,SR,0.3849288086085862
1000,DR,0.282501258192498
1000,ACW,0.39867971619959974
1000,COKE,0.16976280491719
1000,SR,0.28092824693347246
1000,DR,0.28581620609399877
1000,ACW,0.4388233543054523
1000,COKE,0.16529361915918622
1000,SR,0.4574808419469696
1000,DR,0.3379887748381894
1000,ACW,0.27552679468602875
1000,COKE,0.16269464742820122
1000,SR,0.427857832460007
1000,DR,0.34479433431400686
1000,ACW,30.2591161650786
1000,COKE,0.17036280245613283
1000,SR,0.33433304410689996
1000,DR,0.23192629840491646
1000,ACW,10.0694343326023
1000,COKE,0.1823403722464349
1000,SR,0.4143164760137386
1000,DR,0.3576354190975684
1000,ACW,0.23221373509934634
1000,COKE,0.17347823424862482
1000,SR,0.5388963309939953
1000,DR,0.2508451319072202
1000,ACW,0.2432087807777226
1000,COKE,0.24467117540879743
1000,SR,0.3680737096846959
1000,DR,0.23006963634745983
1000,ACW,0.4807539520781736
1000,COKE,0.15609495406741095
1000,SR,0.21107073746952734
1000,DR,0.3603995012237578
1000,ACW,9.425988871320861
1000,COKE,0.145614008038433
1000,SR,0.3841025653843036
1000,DR,0.32182871439854654
1000,ACW,4.194532431304496
1000,COKE,0.21548932688984096
1000,SR,0.4886549859272621
1000,DR,0.42431569168166977
1000,ACW,1.1222222698101072
1000,COKE,0.2274340092509279
1000,SR,0.4530497258329762
1000,DR,0.2879860493998993
1000,ACW,1.3715163143626243
1000,COKE,0.1907991052951698
1000,SR,0.3738436508014226
1000,DR,0.3212288055589613
1000,ACW,0.4038745194252773
1000,COKE,0.1493210549242671
1000,SR,0.657007706478072
1000,DR,0.3785930998049977
1000,ACW,0.3344391528973024
1000,COKE,0.21125497358249387
1000,SR,0.6332137146484078
1000,DR,0.335026689845012
1000,ACW,0.2866591711858265
1000,COKE,0.14507623687972007
1000,SR,0.4637750699080101
1000,DR,0.4470793691540573
1000,ACW,0.6990232641870366
1000,COKE,0.17074500883136806
1000,SR,0.44817836080990653
1000,DR,0.5580953581681424
1000,ACW,0.4295075485540642
1000,COKE,0.19274003853481136
1000,SR,0.45620261782120813
1000,DR,0.26953263988380166
1000,ACW,0.4428053638842945
1000,COKE,0.23734016939595476
1000,SR,0.3997174712659979
1000,DR,0.20702128191225605
1000,ACW,1.4081230362108785
1000,COKE,0.19925636560879548
1000,SR,0.5026511016773632
1000,DR,0.23272585816730443
1000,ACW,11.707702734452932
1000,COKE,0.23222911443466482
1000,SR,0.37776595874691027
1000,DR,0.3331473250695326
1000,ACW,0.590170840761937
1000,COKE,0.20757541333624008
1000,SR,0.4285857912269631
1000,DR,0.48255882371456554
1000,ACW,1.3094231326592134
1000,COKE,0.17687441071832663
1000,SR,0.30851310148050415
1000,DR,0.3272019953147616
1000,ACW,0.4900612245716933
1000,COKE,0.1940274611265925
1000,SR,0.5319014383375512
1000,DR,0.24490105129690437
1000,ACW,0.23141454616570803
1000,COKE,0.2841026560064487
1000,SR,0.3042514398118761
1000,DR,0.3976008002879562
1000,ACW,0.49458727553205045
1000,COKE,0.16288781294200536
1000,SR,0.36472192141069804
1000,DR,0.27095245528161466
1000,ACW,0.7459785510218401
1000,COKE,0.21353849047061108
1000,SR,0.6647014570891179
1000,DR,0.24645431902673162
1000,ACW,0.9525276790696647
1000,COKE,0.24049163813391988
1000,SR,0.36120760245556993
1000,DR,0.2630009222583039
1000,ACW,0.35090821694995944
1000,COKE,0.16231260004195433
1000,SR,0.4194637687908519
1000,DR,0.23478327620684358
1000,ACW,1.3756651702500267
1000,COKE,0.19261440233092839
1000,SR,0.3308900171202309
1000,DR,0.2377647081437829
1000,ACW,0.3641802622564106
1000,COKE,0.1970152451270269
1000,SR,0.335812549002118
1000,DR,0.4066202559755945
1000,ACW,0.6630915109801796
1000,COKE,0.17116608557207544
1000,SR,0.35700184267511303
1000,DR,0.3175075937651179
1000,ACW,0.26478628218030525
1000,COKE,0.16235047126421587
1000,SR,0.4748647194634162
1000,DR,0.21099027869860798
1000,ACW,0.4878261537291797
1000,COKE,0.1915822424509361
1000,SR,0.5464711856059966
1000,DR,0.20033132004774992
1000,ACW,1.4793830516632045
1000,COKE,0.3088633127067209
1000,SR,0.34153415979917123
1000,DR,0.5829614918152
1000,ACW,0.5032214979917793
1000,COKE,0.21798724371986145
1000,SR,0.36313694655011125
1000,DR,0.2792251782420113
1000,ACW,0.22842822392512827
1000,COKE,0.16257333056321072
1000,SR,0.2544803693991505
1000,DR,0.5742021420013481
1000,ACW,3.2645369617163915
1000,COKE,0.1796165874152429
1000,SR,0.5112842584376484
1000,DR,0.31450832128400036
1000,ACW,0.4482645735312787
1000,COKE,0.18787084731158016
1000,SR,0.45765426763155553
1000,DR,0.27535960843311125
1000,ACW,1.7945691166132718
1000,COKE,0.16404617138785538
1000,SR,0.2675840823134141
1000,DR,0.2833751837923106
1000,ACW,9.12408843038002
1000,COKE,0.14949094148334396
1000,SR,0.3764326531537356
1000,DR,0.25180508431635495
1000,ACW,37.83020269706558
1000,COKE,0.16121728958602727
1000,SR,0.2456573534805597
1000,DR,0.2658896260633715
1000,ACW,0.21521743687953962
1000,COKE,0.16504813570615404
1000,SR,0.4362708858772747
1000,DR,0.3787215416807925
1000,ACW,0.31835554043562253
1000,COKE,0.17447870290073322
1000,SR,0.4674621517718799
1000,DR,0.21777384489517912
1000,ACW,0.5734687639634322
1000,COKE,0.18247117961659848
1000,SR,0.3272642277782613
1000,DR,0.4260372502116215
1000,ACW,0.4966122145133681
1000,COKE,0.16243118366424739
1000,SR,0.5609749389727762
1000,DR,0.21513020645018582
1000,ACW,0.337402285129451
1000,COKE,0.20119180972820325
1000,SR,0.2757247904064812
1000,DR,0.3418704638278514
1000,ACW,0.7585526281422837
1000,COKE,0.13415092154736238
1000,SR,0.5080720251562633
1000,DR,0.24164962328250048
1000,ACW,0.28134280500144204
1000,COKE,0.22567685820714636
1000,SR,0.32018756989053104
1000,DR,0.2779006334265502
1000,ACW,0.43921657419359833
1000,COKE,0.13513016264873645
1000,SR,0.6521682493060655
1000,DR,0.28955478423453146
1000,ACW,1.313792994178478
1000,COKE,0.16325109384675732
1000,SR,0.543452612715263
1000,DR,0.3297540695592278
1000,ACW,4.518373948863248
1000,COKE,0.18133569587344156
1000,SR,0.24987941158383956
1000,DR,0.3402018911775296
1000,ACW,1.2214175588783809
1000,COKE,0.14882754255807837
1000,SR,0.35177146559869066
1000,DR,0.3276150541455035
1000,ACW,0.329085058718227
1000,COKE,0.19882115840697007
1000,SR,0.2693968162744527
1000,DR,0.3653600726781411
1000,ACW,0.19136084677599066
1000,COKE,0.12822454283866164
1000,SR,0.30226910451030314
1000,DR,0.15225205316527177
1000,ACW,2.251262195831544
1000,COKE,0.18533646421683178
1000,SR,0.6403151927837822
1000,DR,0.25390915415508564
1000,ACW,0.4928798222411324
1000,COKE,0.21657125049711012
1000,SR,0.3508153256242872
1000,DR,0.26580992107724616
1000,ACW,15.418872074403515
1000,COKE,0.1899841431466909
1000,SR,0.34070050657916257
1000,DR,0.2394933543285621
1000,ACW,6.222147410237302
1000,COKE,0.17274048307541706
1000,SR,0.30435772529039284
1000,DR,0.4211123006536485
1000,ACW,0.5036731812544438
1000,COKE,0.17213038995915564
1000,SR,0.3247625030634989
1000,DR,0.30264931739308876
1000,ACW,5.0556653367136155
1000,COKE,0.16345584674493172
1000,SR,0.3069324053186144
1000,DR,0.3659630174454498
1000,ACW,0.40576712844109725
1000,COKE,0.15352600917132606
1000,SR,0.5066423060876954
1000,DR,0.2469504584041379
1000,ACW,1.776806110079366
1000,COKE,0.17737389942298265
1000,SR,0.5136177623647387
1000,DR,0.340573950245323
1000,ACW,0.3464363092871848
1000,COKE,0.2059040420414135
1000,SR,0.3866017353670528
1000,DR,0.33009660532773905
1000,ACW,0.4293280506795492
1000,COKE,0.15519651342244964
1000,SR,0.29275403053445664
1000,DR,0.3358717012258698
1000,ACW,0.29299736989348973
1000,COKE,0.14017438994931922
1000,SR,0.39036423763153094
1000,DR,0.24304616582212007
1000,ACW,0.4621072231984598
1000,COKE,0.18160565304221607
1000,SR,0.25599426539644987
1000,DR,0.22326515144954656
1000,ACW,0.6599557763646361
1000,COKE,0.1215198367248933
1000,SR,0.40244176951053695
1000,DR,0.22546490189271282
1000,ACW,3.016272446134219
1000,COKE,0.20180217661147853
1000,SR,0.3569578596703492
1000,DR,0.2702434043168901
1000,ACW,0.3631072408169334
1000,COKE,0.16873628950105757
1000,SR,0.5578201501060872
1000,DR,0.4035256399953119
1000,ACW,0.2662031624401416
1000,COKE,0.14914890061642905
1250,SR,0.7237055115975439
1250,DR,0.1871319659313961
1250,ACW,0.4450968633959191
1250,COKE,0.23187631804039793
1250,SR,0.44741251499339924
1250,DR,0.2820434962836119
1250,ACW,0.4673679060249492
1250,COKE,0.17954034922012743
1250,SR,0.37812850770006773
1250,DR,0.1811117805561746
1250,ACW,0.4982201483447482
1250,COKE,0.14139640432313935
1250,SR,0.42822466816190974
1250,DR,0.19808397655581683
1250,ACW,0.32359301774489285
1250,COKE,0.15769122130683683
1250,SR,0.3106208247256567
1250,DR,0.2631198517248117
1250,ACW,19.994175181490824
1250,COKE,0.13578123941358486
1250,SR,0.2615604738896172
1250,DR,0.23842418064260465
1250,ACW,0.2020116964538998
1250,COKE,0.1585954189187523
1250,SR,0.45946157943041926
1250,DR,0.3262386671958771
1250,ACW,0.23608169079918795
1250,COKE,0.18584439637720096
1250,SR,0.30605113316651034
1250,DR,0.16286129244559258
1250,ACW,0.45931676029145385
1250,COKE,0.1696525474739579
1250,SR,0.26362866578894084
1250,DR,0.39078123691474975
1250,ACW,0.7437142841187752
1250,COKE,0.1604114058873271
1250,SR,0.3383265141359243
1250,DR,0.25417737225281717
1250,ACW,0.35293877952440983
1250,COKE,0.14080396752916782
1250,SR,0.30852967832584866
1250,DR,0.21691163559869184
1250,ACW,0.4507518881369462
1250,COKE,0.12548386345184817
1250,SR,0.3027176807932423
1250,DR,0.18007710509935732
1250,ACW,0.29206868415186
1250,COKE,0.21784657323621218
1250,SR,0.23638157541718002
1250,DR,0.3068927726609213
1250,ACW,0.884359577311562
1250,COKE,0.13294162592109282
1250,SR,0.29688939622089244
1250,DR,0.28620306223832787
1250,ACW,1.1919561571520758
1250,COKE,0.1469825766015595
1250,SR,0.386596516841489
1250,DR,0.28757139822411293
1250,ACW,6.826053466592371
1250,COKE,0.1700775825661194
1250,SR,0.4449816130514614
1250,DR,0.36124087369745733
1250,ACW,0.9690838937258018
1250,COKE,0.15285416198355126
1250,SR,0.32880191695739536
1250,DR,0.36843884174611874
1250,ACW,0.4666569430374273
1250,COKE,0.14940160273151556
1250,SR,0.2939139063648331
1250,DR,0.2769269385602728
1250,ACW,1.2147079496650095
1250,COKE,0.1573519975450398
1250,SR,0.30620627718810745
1250,DR,0.18899490574574296
1250,ACW,0.2837842111545196
1250,COKE,0.1780154142806152
1250,SR,0.26246991144427795
1250,DR,0.2201433468111893
1250,ACW,0.4773871876640349
1250,COKE,0.15212144553580478
1250,SR,0.26339667036129744
1250,DR,0.2179000134987326
1250,ACW,0.4329831878275718
1250,COKE,0.15957051977586248
1250,SR,0.38597646482572956
1250,DR,0.2845635872211978
1250,ACW,0.4219226299938442
1250,COKE,0.1584905789849559
1250,SR,0.3907097646180799
1250,DR,0.2770490499873079
1250,ACW,0.25192743980305615
1250,COKE,0.12873295759092396
1250,SR,0.31533635779860614
1250,DR,0.1958830017977982
1250,ACW,0.30906925329620105
1250,COKE,0.146695364339406
1250,SR,0.3930271125279797
1250,DR,0.19441797785021786
1250,ACW,0.33741084447387365
1250,COKE,0.17346004405887394
1250,SR,0.37191325327098396
1250,DR,0.34407189324478554
1250,ACW,0.608558209293133
1250,COKE,0.1599092583340758
1250,SR,0.2617140472266472
1250,DR,0.29350189198335935
1250,ACW,0.25074286558938386
1250,COKE,0.10893133272729415
1250,SR,0.33481678646103935
1250,DR,0.2505536389386143
1250,ACW,0.34260910109966825
1250,COKE,0.17171558109626137
1250,SR,0.4455925011630683
1250,DR,0.2554903623225802
1250,ACW,0.5024286842619001
1250,COKE,0.16643173662505362
1250,SR,0.4631887495272686
1250,DR,0.26386121829785514
1250,ACW,0.4270839953807257
1250,COKE,0.1421123569600751
1250,SR,0.3389015766452398
1250,DR,0.3164982403779819
1250,ACW,1.932589238004521
1250,COKE,0.14840694356609116
1250,SR,0.3108406530675893
1250,DR,0.28077743523220344
1250,ACW,24.661662819248512
1250,COKE,0.1518530883506172
1250,SR,0.46873160549269105
1250,DR,0.18980492311279115
1250,ACW,0.49493040812497746
1250,COKE,0.17243921246796873
1250,SR,0.49354874525946996
1250,DR,0.1858336194400231
1250,ACW,0.3287798083667121
1250,COKE,0.14749046160357765
1250,SR,0.2548164837783659
1250,DR,0.3503203395650123
1250,ACW,0.5023070909525373
1250,COKE,0.1660213368960555
1250,SR,0.24250296514598318
1250,DR,0.143427338410512
1250,ACW,0.47347952749119976
1250,COKE,0.11403818412564606
1250,SR,0.2904651837859796
1250,DR,0.1658660657402353
1250,ACW,0.27349315322791684
1250,COKE,0.19011423362362706
1250,SR,0.33612388134565063
1250,DR,0.2561411882308978
1250,ACW,0.22641872655312126
1250,COKE,0.15682783127060387
1250,SR,0.3478485051669034
1250,DR,0.24036157144732573
1250,ACW,0.22611076601900246
1250,COKE,0.17816373719175527
1250,SR,0.4763833728216981
1250,DR,0.22607447240979517
1250,ACW,0.2305861596422812
1250,COKE,0.14916305472354582
1250,SR,0.33522926221967136
1250,DR,0.2924095514457068
1250,ACW,0.49482153762126674
1250,COKE,0.13342753890808873
1250,SR,0.26559400420694385
1250,DR,0.21584776850156423
1250,ACW,0.6386210213165686
1250,COKE,0.13513220457056876
1250,SR,0.3992982056961265
1250,DR,0.18960875410484324
1250,ACW,0.276686859679816
1250,COKE,0.21194967394615624
1250,SR,0.30401859846261886
1250,DR,0.18491071901438563
1250,ACW,14.207490450782593
1250,COKE,0.12923523455025648
1250,SR,0.5235080418286874
1250,DR,0.18256086914412967
1250,ACW,0.657944857904614
1250,COKE,0.2348521691195033
1250,SR,0.372700082927554
1250,DR,0.2514523739634645
1250,ACW,0.3444502700511335
1250,COKE,0.18246086731220712
1250,SR,0.4026338788563715
1250,DR,0.23603253485878126
1250,ACW,5.897224862318246
1250,COKE,0.15650150887400804
1250,SR,0.1881926908577671
1250,DR,0.2153272536134456
1250,ACW,0.22768930910218796
1250,COKE,0.10857741334284517
1250,SR,0.4763053318548955
1250,DR,0.33699056367107166
1250,ACW,0.6114651436195211
1250,COKE,0.18194013847673718
1250,SR,0.31097669961661867
1250,DR,0.2773015951662314
1250,ACW,1.4061824662604654
1250,COKE,0.18208919820563887
1250,SR,0.4233648139594647
1250,DR,0.2091730153261822
1250,ACW,1.0699073386866866
1250,COKE,0.18565675414291677
1250,SR,0.3175301426790222
1250,DR,0.41653095489868935
1250,ACW,0.4583237124409543
1250,COKE,0.1664182226955093
1250,SR,0.4257774283558258
1250,DR,0.21664096106041839
1250,ACW,0.904848213340644
1250,COKE,0.1507360916631666
1250,SR,0.3480205169662763
1250,DR,0.28233366858634207
1250,ACW,3.8476715914965354
1250,COKE,0.14982671105697903
1250,SR,0.3860237898099438
1250,DR,0.18799293632739997
1250,ACW,1.1366385970410717
1250,COKE,0.14197651452422316
1250,SR,0.34636752703914714
1250,DR,0.2654282687763208
1250,ACW,0.5328474307060111
1250,COKE,0.1942188427205413
1250,SR,0.24216012256000977
1250,DR,0.3059343677180547
1250,ACW,0.3991852664603971
1250,COKE,0.16009027825325614
1250,SR,0.29530819190385865
1250,DR,0.3725738877847644
1250,ACW,0.4408558064529141
1250,COKE,0.16165730551639707
1250,SR,0.2559860087769825
1250,DR,0.2630549925898331
1250,ACW,0.459707159730506
1250,COKE,0.1381594243775372
1250,SR,0.2785764704581856
1250,DR,0.2659837683010172
1250,ACW,0.48180143237380524
1250,COKE,0.12497066072293667
1250,SR,0.33094696126906403
1250,DR,0.25135338544627217
1250,ACW,0.63976273906263
1250,COKE,0.1534980512991308
1250,SR,0.3834434773808422
1250,DR,0.34913341855979013
1250,ACW,0.4898868671587252
1250,COKE,0.23388556384700365
1250,SR,0.36138192862222357
1250,DR,0.2286515345039263
1250,ACW,5.422756683061784
1250,COKE,0.14304470084701384
1250,SR,0.3276056059838362
1250,DR,0.28916710203647217
1250,ACW,21.087116632898955
1250,COKE,0.14268784540294527
1250,SR,0.5843404551974043
1250,DR,0.18477937214911513
1250,ACW,0.1795799098639109
1250,COKE,0.2231544298450735
1250,SR,0.22449279303783265
1250,DR,0.2769282810982377
1250,ACW,2.239649944330051
1250,COKE,0.15543572480918566
1250,SR,0.3712527268612679
1250,DR,0.295325858215463
1250,ACW,0.22271413776174667
1250,COKE,0.17054890891589816
1250,SR,0.38273682932888714
1250,DR,0.3563938170248262
1250,ACW,24.47829772463367
1250,COKE,0.1821578772466121
1250,SR,0.2641990801328297
1250,DR,0.19588971839807795
1250,ACW,3.1958351978791937
1250,COKE,0.14051817447916656
1250,SR,0.32823159747865227
1250,DR,0.26235822110973533
1250,ACW,0.3387447729031991
1250,COKE,0.13956312953493188
1250,SR,0.6182295082517824
1250,DR,0.20068003634247283
1250,ACW,0.3383311204930262
1250,COKE,0.1684494604546252
1250,SR,0.6261827347492552
1250,DR,0.19744145947512706
1250,ACW,0.6171048039987587
1250,COKE,0.21012209167993237
1250,SR,0.3817435642005893
1250,DR,0.28468879995693724
1250,ACW,14.00707992416503
1250,COKE,0.18312420219475548
1250,SR,0.2826562595385184
1250,DR,0.2116257481932113
1250,ACW,0.8404013415516389
1250,COKE,0.14272403212839496
1250,SR,0.3275953319450842
1250,DR,0.24714756256592063
1250,ACW,4.49588278344393
1250,COKE,0.18836375759135773
1250,SR,0.37878383006405414
1250,DR,0.19786495207744992
1250,ACW,0.36929695989356737
1250,COKE,0.19590143624681328
1250,SR,0.34389190231845124
1250,DR,0.17420440182470193
1250,ACW,0.40848844452811484
1250,COKE,0.14455647573225447
1250,SR,0.6036437227119977
1250,DR,0.24095351561046063
1250,ACW,0.3642560142247493
1250,COKE,0.21079543479724547
1250,SR,0.5967070289657069
1250,DR,0.24596713433391215
1250,ACW,0.4074439847510293
1250,COKE,0.16345835737103506
1250,SR,0.4835638830808245
1250,DR,0.3993752915681487
1250,ACW,0.2857151379384349
1250,COKE,0.20427348878865104
1250,SR,0.6281890313363314
1250,DR,0.1297575865259091
1250,ACW,0.1811477151077237
1250,COKE,0.16608536747595237
1250,SR,0.37163067820507223
1250,DR,0.26628523638793383
1250,ACW,0.5239063403444276
1250,COKE,0.17843741798660398
1250,SR,0.44965014445076396
1250,DR,0.23549273416148978
1250,ACW,0.28496137091887774
1250,COKE,0.20864721043209433
1250,SR,0.5322446433072788
1250,DR,0.23303869742236394
1250,ACW,0.19136849955703775
1250,COKE,0.2787799766616775
1250,SR,0.6410540403665005
1250,DR,0.1905320287143689
1250,ACW,1.8636846144460815
1250,COKE,0.244431987992228
1250,SR,0.42143026641108156
1250,DR,0.3392575844234355
1250,ACW,0.18953321040180982
1250,COKE,0.15134713322031523
1250,SR,0.2234289338001448
1250,DR,0.43256142028420874
1250,ACW,0.35814547738344843
1250,COKE,0.11297990003475288
1250,SR,0.3027142134556875
1250,DR,0.2537901231273252
1250,ACW,0.4602925403262385
1250,COKE,0.11709675865286878
1250,SR,0.6912654766980324
1250,DR,0.18081882956859469
1250,ACW,0.2874455567211677
1250,COKE,0.2197392780415073
1250,SR,0.1913836783056348
1250,DR,0.38303290998716744
1250,ACW,3.992888391173607
1250,COKE,0.13186668720284256
1250,SR,0.3039705481106231
1250,DR,0.22986021740421553
1250,ACW,1.3161892891910074
1250,COKE,0.17595634541322758
1250,SR,0.4508891977482059
1250,DR,0.38753225500522226
1250,ACW,1.0523712662886924
1250,COKE,0.16470153782358804
1250,SR,0.26591407658076094
1250,DR,0.18012153571645692
1250,ACW,0.43194947026707814
1250,COKE,0.1646524029140785
1250,SR,0.3536804268263978
1250,DR,0.21625235927271214
1250,ACW,0.3469111406869605
1250,COKE,0.1750539213249704
1250,SR,0.49095979993859135
1250,DR,0.2045274100818213
1250,ACW,1.4079393824500492
1250,COKE,0.21521479872392102
1250,SR,0.35781253089982856
1250,DR,0.2858221889568546
1250,ACW,5.260903257961906
1250,COKE,0.1799849446567757
1250,SR,0.5181763425442285
1250,DR,0.2562251521031637
1250,ACW,1.479554842228749
1250,COKE,0.18803430854760303
1250,SR,0.2321400525010005
1250,DR,0.26687068367436706
1250,ACW,0.5192126400112848
1250,COKE,0.12592724262429955
1250,SR,0.4751928166897842
1250,DR,0.17661258228175894
1250,ACW,0.4650352643965448
1250,COKE,0.2320431532703411
1250,SR,0.28819320737637005
1250,DR,0.26892549131517973
1250,ACW,21.329718931154396
1250,COKE,0.15061357266759506
1500,SR,0.6705898647155109
1500,DR,0.17056792486180783
1500,ACW,2.3415846260044333
1500,COKE,0.2334365389955722
1500,SR,0.40061630363136014
1500,DR,0.1959782341129644
1500,ACW,0.36111538123556997
1500,COKE,0.2025978966104625
1500,SR,0.6092152397630209
1500,DR,0.16094828485405197
1500,ACW,2.397311446775049
1500,COKE,0.18809811277185126
1500,SR,0.42727221585887665
1500,DR,0.2501600051046023
1500,ACW,0.3070852636812598
1500,COKE,0.19011214137004323
1500,SR,0.31413914772327217
1500,DR,0.3190856910415473
1500,ACW,0.2622084724833784
1500,COKE,0.12812091673593418
1500,SR,0.36562571267237054
1500,DR,0.1668169501296757
1500,ACW,0.1878820218823251
1500,COKE,0.16899685094582573
1500,SR,0.25146933494610024
1500,DR,0.2437434898132954
1500,ACW,0.32637663800091277
1500,COKE,0.1335026414930797
1500,SR,0.3358197432562115
1500,DR,0.36708185075876476
1500,ACW,1.6904169065127221
1500,COKE,0.1896692204132458
1500,SR,0.2740953013934572
1500,DR,0.1828558338267466
1500,ACW,0.36282393480997926
1500,COKE,0.14079120675131457
1500,SR,0.2554131427066369
1500,DR,0.22222154544531486
1500,ACW,0.2643864344841147
1500,COKE,0.1632966625659705
1500,SR,0.3423253276365652
1500,DR,0.1729504028879656
1500,ACW,0.21094658087485085
1500,COKE,0.15741384615184573
1500,SR,0.3232087914587259
1500,DR,0.2421085442463651
1500,ACW,0.47787301584690706
1500,COKE,0.14692543356593218
1500,SR,0.6822019553782528
1500,DR,0.1857138814243257
1500,ACW,0.23296735262733959
1500,COKE,0.17969970304302388
1500,SR,0.45960178855673195
1500,DR,0.3470521958712388
1500,ACW,0.44819692696102503
1500,COKE,0.2004242819357776
1500,SR,0.29438376820029005
1500,DR,0.18355231970065214
1500,ACW,0.3273856745171774
1500,COKE,0.14273369604997924
1500,SR,0.44448613636119
1500,DR,0.21696756118461402
1500,ACW,0.46169852692326696
1500,COKE,0.17386226938183644
1500,SR,0.3894114505750745
1500,DR,0.20042488039586057
1500,ACW,0.2979906667578162
1500,COKE,0.23377635207008174
1500,SR,0.5073470242186521
1500,DR,0.18985138443317878
1500,ACW,15.927478582077665
1500,COKE,0.18278490074013432
1500,SR,0.2934827019322369
1500,DR,0.231876763448396
1500,ACW,7.068468518717619
1500,COKE,0.140991255596266
1500,SR,0.4497573240401369
1500,DR,0.32253820273677414
1500,ACW,1.1268272930725673
1500,COKE,0.1393455261771036
1500,SR,0.29482027365927943
1500,DR,0.17993983594075377
1500,ACW,0.6848287722082339
1500,COKE,0.14650156406950665
1500,SR,0.3090008933059915
1500,DR,0.18140193625588105
1500,ACW,0.38973578691311467
1500,COKE,0.1415260040952462
1500,SR,0.3546840076812452
1500,DR,0.2222494616863414
1500,ACW,0.3478705942856558
1500,COKE,0.19905860524939467
1500,SR,0.4445776989491537
1500,DR,0.1903947375998916
1500,ACW,0.9038734146681021
1500,COKE,0.20017095519374936
1500,SR,0.33280498764777694
1500,DR,0.280501752051825
1500,ACW,0.380066265008046
1500,COKE,0.15024800148536419
1500,SR,0.3110037168317683
1500,DR,0.1618007124592347
1500,ACW,0.7873310303960439
1500,COKE,0.1458127157606032
1500,SR,0.3798572678551772
1500,DR,0.19656471983043833
1500,ACW,1.8302683600949985
1500,COKE,0.15939950568574324
1500,SR,0.39355802725132955
1500,DR,0.2304673629334617
1500,ACW,0.23971380443479406
1500,COKE,0.16281617597554918
1500,SR,0.3572055752967046
1500,DR,0.22942263109061764
1500,ACW,0.6450322784879656
1500,COKE,0.19092241652024267
1500,SR,0.3776789893525564
1500,DR,0.21003700570330283
1500,ACW,0.16735096677835723
1500,COKE,0.14041218900265956
1500,SR,0.5174082667626541
1500,DR,0.18772334726851136
1500,ACW,2.6138010941230387
1500,COKE,0.1831712815737812
1500,SR,0.20939271152960465
1500,DR,0.23263155279634867
1500,ACW,0.36668944047694
1500,COKE,0.13590447265934813
1500,SR,0.28299977947376126
1500,DR,0.2169278100577385
1500,ACW,0.7399207185921198
1500,COKE,0.13890291733478763
1500,SR,0.3087896501682436
1500,DR,0.32568572393310785
1500,ACW,0.18440953846182795
1500,COKE,0.22122855129438262
1500,SR,0.400790534016312
1500,DR,0.25061209115422256
1500,ACW,0.6806808791199969
1500,COKE,0.17492402102411347
1500,SR,0.32730455115959955
1500,DR,0.1974946779126958
1500,ACW,1.0083894870545336
1500,COKE,0.17451422121360036
1500,SR,0.26491876828604083
1500,DR,0.2378445602600289
1500,ACW,0.3691289694824403
1500,COKE,0.1641339216576394
1500,SR,0.3874055582740626
1500,DR,0.23980757976511732
1500,ACW,4.770923241791216
1500,COKE,0.13816605655420452
1500,SR,0.4339354151581123
1500,DR,0.19422490747764787
1500,ACW,0.22767504433499758
1500,COKE,0.21975542240675833
1500,SR,0.34033997408568356
1500,DR,0.22451274724877293
1500,ACW,2.82603958179684
1500,COKE,0.1704031300625064
1500,SR,0.46807127782305996
1500,DR,0.21408746554869446
1500,ACW,0.3186246069352334
1500,COKE,0.16427132174548295
1500,SR,0.28901838693788484
1500,DR,0.3353413754543005
1500,ACW,0.35408473634934895
1500,COKE,0.1495464208440033
1500,SR,0.29038718355352505
1500,DR,0.2518221796218914
1500,ACW,8.510097041136657
1500,COKE,0.17807362425743375
1500,SR,0.3134921310873189
1500,DR,0.2063742266878503
1500,ACW,0.26385293716204217
1500,COKE,0.14974052742714744
1500,SR,0.31808591867765884
1500,DR,0.1993236673998645
1500,ACW,0.44859991295222634
1500,COKE,0.1481956799504099
1500,SR,0.3233482807280541
1500,DR,0.18255920065059772
1500,ACW,0.23045539439556045
1500,COKE,0.15206278278729382
1500,SR,0.35866714218646933
1500,DR,0.16870468359286722
1500,ACW,0.3171684045930435
1500,COKE,0.16357321035215522
1500,SR,0.2803315705459991
1500,DR,0.26852396265496037
1500,ACW,0.189526782153408
1500,COKE,0.1366883439305036
1500,SR,0.37321235509005013
1500,DR,0.2458818368299615
1500,ACW,1.0573617125634327
1500,COKE,0.13330531465247983
1500,SR,0.30387523103025577
1500,DR,0.2452886960406459
1500,ACW,0.5517002756912535
1500,COKE,0.17356813256988457
1500,SR,0.27637516891350195
1500,DR,0.18589625187864103
1500,ACW,0.2577812665490277
1500,COKE,0.15546025026976745
1500,SR,0.26851166212742683
1500,DR,0.2718817344999422
1500,ACW,8.335197451563726
1500,COKE,0.12233291260811822
1500,SR,0.6417365573086248
1500,DR,0.1585447935386158
1500,ACW,0.2555766527453313
1500,COKE,0.18737949245315294
1500,SR,0.3976801690375353
1500,DR,0.2326223190542956
1500,ACW,0.1788653505759814
1500,COKE,0.15624233361096967
1500,SR,0.2334287658851793
1500,DR,0.23480223666849007
1500,ACW,1.1032923036300535
1500,COKE,0.12196573230287629
1500,SR,0.35269802036179776
1500,DR,0.1791006386311732
1500,ACW,0.40729718078698535
1500,COKE,0.1549593502236613
1500,SR,0.38877830529571145
1500,DR,0.2178527200143222
1500,ACW,0.3205186009979674
1500,COKE,0.13939933791244064
1500,SR,0.28051374503047344
1500,DR,0.167524155183173
1500,ACW,0.27317857129711687
1500,COKE,0.11754749088262641
1500,SR,0.4129180756907321
1500,DR,0.28591642920241417
1500,ACW,4.3903949927008075
1500,COKE,0.14265915592128517
1500,SR,0.31923374602393334
1500,DR,0.37232478590513646
1500,ACW,0.34867696970059603
1500,COKE,0.15710684806051708
1500,SR,0.43408152583335224
1500,DR,0.22605301544829703
1500,ACW,1.39988555999592
1500,COKE,0.12911678489948356
1500,SR,0.367787478132461
1500,DR,0.2875540208384037
1500,ACW,0.48730708539310147
1500,COKE,0.16404582201916543
1500,SR,0.443269750733367
1500,DR,0.18871389092810492
1500,ACW,0.3589593929167274
1500,COKE,0.15848662965796453
1500,SR,0.32369629252114535
1500,DR,0.21603689552832206
1500,ACW,0.2948419422281169
1500,COKE,0.14310745596229538
1500,SR,0.41522813470920744
1500,DR,0.27504903161955624
1500,ACW,0.17331758240069522
1500,COKE,0.13581861316618343
1500,SR,0.21392098929466752
1500,DR,0.252021136193444
1500,ACW,0.36138316906206064
1500,COKE,0.11687697626093707
1500,SR,0.29916762763600263
1500,DR,0.21133627437806798
1500,ACW,0.16490173882440984
1500,COKE,0.11827102296664914
1500,SR,0.3011863996961354
1500,DR,0.22891388124304976
1500,ACW,1.7560433229526247
1500,COKE,0.13409032931976408
1500,SR,0.2944882368971076
1500,DR,0.1553962313573695
1500,ACW,0.3272375167659602
1500,COKE,0.15961106104036463
1500,SR,0.34674205054504426
1500,DR,0.20834010447014933
1500,ACW,0.37572667131451615
1500,COKE,0.20515522509580308
1500,SR,0.5128717348080372
1500,DR,0.21688301034917348
1500,ACW,1.7894064709239839
1500,COKE,0.15924336113426352
1500,SR,0.23661499743475728
1500,DR,0.3274578490809649
1500,ACW,1.2397645540339108
1500,COKE,0.16161989181799977
1500,SR,0.2660600734984181
1500,DR,0.18025192358569053
1500,ACW,0.4653428118907346
1500,COKE,0.1604223225163301
1500,SR,0.27571601822450986
1500,DR,0.23544193906272604
1500,ACW,0.4373575656908727
1500,COKE,0.12969349861470106
1500,SR,0.3520860593921624
1500,DR,0.1626754372571055
1500,ACW,0.34710399722935087
1500,COKE,0.16364708866129035
1500,SR,0.5022010120595573
1500,DR,0.1667628653847343
1500,ACW,0.2945871810729025
1500,COKE,0.21380764781572412
1500,SR,0.28102926431936165
1500,DR,0.3811129121569663
1500,ACW,1.8154736889808083
1500,COKE,0.14024168638230566
1500,SR,0.3490582352476101
1500,DR,0.2440028502510273
1500,ACW,0.2735489499192806
1500,COKE,0.14064210460844095
1500,SR,0.2601370702024677
1500,DR,0.37724761923855765
1500,ACW,5.660981549799834
1500,COKE,0.1210347983919396
1500,SR,0.4594523156912264
1500,DR,0.14858407814210556
1500,ACW,0.6167598959478497
1500,COKE,0.15530200320483614
1500,SR,0.3996625245698844
1500,DR,0.18901245941601674
1500,ACW,0.4482871360306326
1500,COKE,0.19586675735768413
1500,SR,0.23129923679057038
1500,DR,0.2151442204385752
1500,ACW,0.24091923667637757
1500,COKE,0.1444764147472417
1500,SR,0.2683421241733557
1500,DR,0.32739435819564133
1500,ACW,0.40498772373725156
1500,COKE,0.1417879570400817
1500,SR,0.30021087018861947
1500,DR,0.17086354066610382
1500,ACW,8.592217037631677
1500,COKE,0.16161035885500713
1500,SR,0.3857288779400406
1500,DR,0.20334971319509854
1500,ACW,0.2693607965970819
1500,COKE,0.1276459678670206
1500,SR,0.3171494104759455
1500,DR,0.22779052720738663
1500,ACW,1.3168096273241692
1500,COKE,0.15721659410881253
1500,SR,0.28901059668244816
1500,DR,0.33907271754245094
1500,ACW,1.0904564449692484
1500,COKE,0.1676375602374948
1500,SR,0.3173046095156777
1500,DR,0.19169915092107867
1500,ACW,0.47268467407407944
1500,COKE,0.14656102620945743
1500,SR,0.3554126474862671
1500,DR,0.1577533457622174
1500,ACW,0.7095622682981393
1500,COKE,0.18662815359748006
1500,SR,0.35182688463350653
1500,DR,0.20631442372876155
1500,ACW,0.47310492213763694
1500,COKE,0.18420495225640035
1500,SR,0.30148665222103965
1500,DR,0.2366101546104269
1500,ACW,0.649754830317774
1500,COKE,0.1434180689880327
1500,SR,0.32645142747493305
1500,DR,0.20585583649335598
1500,ACW,1.6320696314908798
1500,COKE,0.14669986818173666
1500,SR,0.3841953229117938
1500,DR,0.24273975872713063
1500,ACW,0.3435741261496164
1500,COKE,0.15260301342841226
1500,SR,0.36012948904981784
1500,DR,0.2241927890813765
1500,ACW,0.21937338518967936
1500,COKE,0.17103195845089872
1500,SR,0.4924150557402718
1500,DR,0.13548893229716863
1500,ACW,0.42211587510297693
1500,COKE,0.18014464551428278
1500,SR,0.24496212543371176
1500,DR,0.17323035173551912
1500,ACW,0.281032008453274
1500,COKE,0.1361532543702822
1500,SR,0.27371065452223753
1500,DR,0.2682460315691507
1500,ACW,0.984947062570474
1500,COKE,0.15919162659852645
1500,SR,0.4620047278163496
1500,DR,0.17550759353611414
1500,ACW,0.9040691500547068
1500,COKE,0.21427883922108584
1500,SR,0.5120319704648723
1500,DR,0.37220832272570353
1500,ACW,0.6292981603504622
1500,COKE,0.20981041748958568
1500,SR,0.3002217248113867
1500,DR,0.1544014264443765
1500,ACW,0.6059793031119625
1500,COKE,0.1616920014060711
