B,R,c,method,risk
10,0,1,SR,0.27794971
10,0,1,DR,0.181944091
10,0,1,ACW,9.169778782
10,0,1,COKE,0.144978665
10,0,1,RLearner,0.186730146
10,0,1,SR,0.137236076
10,0,1,DR,0.221408061
10,0,1,ACW,0.238135981
10,0,1,COKE,0.124010569
10,0,1,RLearner,0.185226881
10,0,1,SR,0.192868844
10,0,1,DR,0.228402017
10,0,1,ACW,0.361025153
10,0,1,COKE,0.149597005
10,0,1,RLearner,0.208029858
10,0,1,SR,0.407010648
10,0,1,DR,0.144567211
10,0,1,ACW,8.933643464
10,0,1,COKE,0.130111558
10,0,1,RLearner,0.166576784
10,0,1,SR,0.16202281
10,0,1,DR,0.185537576
10,0,1,ACW,0.947994671
10,0,1,COKE,0.163271296
10,0,1,RLearner,0.134774148
10,0,1,SR,0.240761711
10,0,1,DR,0.181802129
10,0,1,ACW,0.269125729
10,0,1,COKE,0.13677884
10,0,1,RLearner,0.196298953
10,0,1,SR,0.289852864
10,0,1,DR,0.147904612
10,0,1,ACW,1.678025457
10,0,1,COKE,0.127940178
10,0,1,RLearner,0.126242809
10,0,1,SR,0.3730408
10,0,1,DR,0.189155432
10,0,1,ACW,0.434442383
10,0,1,COKE,0.145271708
10,0,1,RLearner,0.213023592
10,0,1,SR,0.219945385
10,0,1,DR,0.241637779
10,0,1,ACW,0.543633049
10,0,1,COKE,0.148485775
10,0,1,RLearner,0.203632246
10,0,1,SR,0.198980892
10,0,1,DR,0.227335674
10,0,1,ACW,0.230196752
10,0,1,COKE,0.157555312
10,0,1,RLearner,0.265008881
10,0,1,SR,0.197466933
10,0,1,DR,0.193132795
10,0,1,ACW,0.856180987
10,0,1,COKE,0.136742038
10,0,1,RLearner,0.148257945
10,0,1,SR,0.329193619
10,0,1,DR,0.223613963
10,0,1,ACW,0.595747456
10,0,1,COKE,0.168325107
10,0,1,RLearner,0.206636519
10,0,1,SR,0.248544053
10,0,1,DR,0.27353853
10,0,1,ACW,0.274231262
10,0,1,COKE,0.192856764
10,0,1,RLearner,0.309318907
10,0,1,SR,0.183800964
10,0,1,DR,0.171648203
10,0,1,ACW,5.33475743
10,0,1,COKE,0.113136428
10,0,1,RLearner,0.159731907
10,0,1,SR,0.198916347
10,0,1,DR,0.192213679
10,0,1,ACW,1.532102885
10,0,1,COKE,0.171867698
10,0,1,RLearner,0.204902717
10,0,1,SR,0.219923638
10,0,1,DR,0.259447763
10,0,1,ACW,0.20764296
10,0,1,COKE,0.150523905
10,0,1,RLearner,0.231548962
10,0,1,SR,0.254875589
10,0,1,DR,0.178184148
10,0,1,ACW,0.561343279
10,0,1,COKE,0.139408873
10,0,1,RLearner,0.208009234
10,0,1,SR,0.221965524
10,0,1,DR,0.22506245
10,0,1,ACW,0.318851604
10,0,1,COKE,0.134672634
10,0,1,RLearner,0.199945555
10,0,1,SR,0.163872573
10,0,1,DR,0.210166973
10,0,1,ACW,0.272795919
10,0,1,COKE,0.150861481
10,0,1,RLearner,0.237344816
10,0,1,SR,0.275605255
10,0,1,DR,0.24148168
10,0,1,ACW,0.901906995
10,0,1,COKE,0.160504097
10,0,1,RLearner,0.183473105
10,0,1,SR,0.311196968
10,0,1,DR,0.211796847
10,0,1,ACW,0.421907499
10,0,1,COKE,0.236591748
10,0,1,RLearner,0.218596711
10,0,1,SR,0.292664167
10,0,1,DR,0.202506597
10,0,1,ACW,0.998005595
10,0,1,COKE,0.141255186
10,0,1,RLearner,0.19349028
10,0,1,SR,0.264165582
10,0,1,DR,0.183547249
10,0,1,ACW,0.376085869
10,0,1,COKE,0.141254841
10,0,1,RLearner,0.221389888
10,0,1,SR,0.218530267
10,0,1,DR,0.207777128
10,0,1,ACW,0.651586407
10,0,1,COKE,0.114937765
10,0,1,RLearner,0.200254836
10,0,1,SR,0.232134885
10,0,1,DR,0.167285042
10,0,1,ACW,0.496836691
10,0,1,COKE,0.111847666
10,0,1,RLearner,0.122396147
10,0,1,SR,0.292018865
10,0,1,DR,0.23369124
10,0,1,ACW,0.239180508
10,0,1,COKE,0.140905573
10,0,1,RLearner,0.186718743
10,0,1,SR,0.21285851
10,0,1,DR,0.184944809
10,0,1,ACW,1.072401122
10,0,1,COKE,0.14670255
10,0,1,RLearner,0.16788329
10,0,1,SR,0.233721327
10,0,1,DR,0.221761193
10,0,1,ACW,0.297391943
10,0,1,COKE,0.156600516
10,0,1,RLearner,0.173783398
10,0,1,SR,0.243852978
10,0,1,DR,0.345984041
10,0,1,ACW,2.205924921
10,0,1,COKE,0.169932803
10,0,1,RLearner,0.19984927
10,0,1,SR,0.54520045
10,0,1,DR,0.157661801
10,0,1,ACW,1.969555437
10,0,1,COKE,0.12629192
10,0,1,RLearner,0.168500723
10,0,1,SR,0.181800996
10,0,1,DR,0.249833493
10,0,1,ACW,0.209205611
10,0,1,COKE,0.148564511
10,0,1,RLearner,0.197136739
10,0,1,SR,0.238526178
10,0,1,DR,0.180023447
10,0,1,ACW,0.543060716
10,0,1,COKE,0.11987498
10,0,1,RLearner,0.148212585
10,0,1,SR,0.327491944
10,0,1,DR,0.237376744
10,0,1,ACW,2.143304171
10,0,1,COKE,0.163787236
10,0,1,RLearner,0.238237799
10,0,1,SR,0.211688398
10,0,1,DR,0.219955594
10,0,1,ACW,0.83930164
10,0,1,COKE,0.185860566
10,0,1,RLearner,0.180547756
10,0,1,SR,0.263899684
10,0,1,DR,0.203019142
10,0,1,ACW,5.242937793
10,0,1,COKE,0.150619621
10,0,1,RLearner,0.1977218
10,0,1,SR,0.254596377
10,0,1,DR,0.234303164
10,0,1,ACW,2.54485855
10,0,1,COKE,0.14834976
10,0,1,RLearner,0.201620404
10,0,1,SR,0.17988671
10,0,1,DR,0.232030686
10,0,1,ACW,0.576240047
10,0,1,COKE,0.15958704
10,0,1,RLearner,0.249558873
10,0,1,SR,0.21968977
10,0,1,DR,0.236115522
10,0,1,ACW,1.406142984
10,0,1,COKE,0.237542317
10,0,1,RLearner,0.290855673
10,0,1,SR,0.231791445
10,0,1,DR,0.258921633
10,0,1,ACW,0.2802024
10,0,1,COKE,0.213132222
10,0,1,RLearner,0.256167147
10,0,1,SR,0.198312273
10,0,1,DR,0.245754211
10,0,1,ACW,0.314904413
10,0,1,COKE,0.111253924
10,0,1,RLearner,0.166555679
10,0,1,SR,0.217586558
10,0,1,DR,0.191235213
10,0,1,ACW,1.568757317
10,0,1,COKE,0.21186708
10,0,1,RLearner,0.235338784
10,0,1,SR,0.226615883
10,0,1,DR,0.214108565
10,0,1,ACW,0.580094092
10,0,1,COKE,0.134008398
10,0,1,RLearner,0.214100662
10,0,1,SR,0.250596482
10,0,1,DR,0.190958183
10,0,1,ACW,0.352048163
10,0,1,COKE,0.15747765
10,0,1,RLearner,0.237340475
10,0,1,SR,0.188776929
10,0,1,DR,0.212068731
10,0,1,ACW,0.175938258
10,0,1,COKE,0.192487234
10,0,1,RLearner,0.209791403
10,0,1,SR,0.333892002
10,0,1,DR,0.131862894
10,0,1,ACW,0.390784507
10,0,1,COKE,0.120675875
10,0,1,RLearner,0.180887582
10,0,1,SR,0.203632083
10,0,1,DR,0.258529412
10,0,1,ACW,0.312911311
10,0,1,COKE,0.155201127
10,0,1,RLearner,0.321817741
10,0,1,SR,0.222516026
10,0,1,DR,0.203922428
10,0,1,ACW,0.659389012
10,0,1,COKE,0.2064956
10,0,1,RLearner,0.19903207
10,0,1,SR,0.219409475
10,0,1,DR,0.154462432
10,0,1,ACW,7.329493499
10,0,1,COKE,0.105491762
10,0,1,RLearner,0.159630567
10,0,1,SR,0.152907817
10,0,1,DR,0.183823412
10,0,1,ACW,0.39895261
10,0,1,COKE,0.192144585
10,0,1,RLearner,0.186220435
10,0,1,SR,0.241353041
10,0,1,DR,0.24313822
10,0,1,ACW,0.170799386
10,0,1,COKE,0.193007978
10,0,1,RLearner,0.249655907
10,0,1,SR,0.147624146
10,0,1,DR,0.220162567
10,0,1,ACW,0.327822292
10,0,1,COKE,0.139582669
10,0,1,RLearner,0.185264111
10,0,1,SR,0.322934105
10,0,1,DR,0.284600969
10,0,1,ACW,0.563003092
10,0,1,COKE,0.202127019
10,0,1,RLearner,0.230474255
10,0,1,SR,0.150318863
10,0,1,DR,0.182619882
10,0,1,ACW,0.511986438
10,0,1,COKE,0.118106565
10,0,1,RLearner,0.174038843
10,0,1,SR,0.195926719
10,0,1,DR,0.215293389
10,0,1,ACW,0.577994609
10,0,1,COKE,0.175950436
10,0,1,RLearner,0.225595307
10,0,1,SR,0.333481863
10,0,1,DR,0.318058146
10,0,1,ACW,0.235902476
10,0,1,COKE,0.247228161
10,0,1,RLearner,0.259330705
10,0,1,SR,0.251298339
10,0,1,DR,0.302038361
10,0,1,ACW,0.262595608
10,0,1,COKE,0.183098299
10,0,1,RLearner,0.298432077
10,0,1,SR,0.217255521
10,0,1,DR,0.218611364
10,0,1,ACW,0.608544037
10,0,1,COKE,0.114863716
10,0,1,RLearner,0.197466747
10,0,1,SR,0.226209775
10,0,1,DR,0.253432213
10,0,1,ACW,0.28482028
10,0,1,COKE,0.234698672
10,0,1,RLearner,0.205842741
10,0,1,SR,0.24558065
10,0,1,DR,0.288961804
10,0,1,ACW,0.619666431
10,0,1,COKE,0.158308282
10,0,1,RLearner,0.247277332
10,0,1,SR,0.259457842
10,0,1,DR,0.264611344
10,0,1,ACW,2.361871118
10,0,1,COKE,0.196720699
10,0,1,RLearner,0.260743638
10,0,1,SR,0.247842005
10,0,1,DR,0.178395198
10,0,1,ACW,0.38698323
10,0,1,COKE,0.134293559
10,0,1,RLearner,0.205052787
10,0,1,SR,0.29526693
10,0,1,DR,0.213232614
10,0,1,ACW,0.303122855
10,0,1,COKE,0.125771943
10,0,1,RLearner,0.167698063
10,0,1,SR,0.298465006
10,0,1,DR,0.227410451
10,0,1,ACW,0.232359151
10,0,1,COKE,0.142008613
10,0,1,RLearner,0.21342385
10,0,1,SR,0.317515307
10,0,1,DR,0.175020543
10,0,1,ACW,0.917132683
10,0,1,COKE,0.124180277
10,0,1,RLearner,0.133161231
10,0,1,SR,0.281678898
10,0,1,DR,0.19583685
10,0,1,ACW,0.24190519
10,0,1,COKE,0.112665382
10,0,1,RLearner,0.167437188
10,0,1,SR,0.243426877
10,0,1,DR,0.180924533
10,0,1,ACW,0.397528082
10,0,1,COKE,0.202701426
10,0,1,RLearner,0.226067086
10,0,1,SR,0.316633197
10,0,1,DR,0.209951564
10,0,1,ACW,11.98143124
10,0,1,COKE,0.138884209
10,0,1,RLearner,0.177380117
10,0,1,SR,0.185474611
10,0,1,DR,0.215596457
10,0,1,ACW,0.763532435
10,0,1,COKE,0.17443912
10,0,1,RLearner,0.296791478
10,0,1,SR,0.159335073
10,0,1,DR,0.198539569
10,0,1,ACW,1.980951532
10,0,1,COKE,0.138792369
10,0,1,RLearner,0.18372018
10,0,1,SR,0.24110426
10,0,1,DR,0.231662497
10,0,1,ACW,0.37208188
10,0,1,COKE,0.172416835
10,0,1,RLearner,0.21012131
10,0,1,SR,0.223155738
10,0,1,DR,0.209649413
10,0,1,ACW,0.20120411
10,0,1,COKE,0.203812947
10,0,1,RLearner,0.212617615
10,0,1,SR,0.192663066
10,0,1,DR,0.211629634
10,0,1,ACW,0.393046111
10,0,1,COKE,0.196016339
10,0,1,RLearner,0.216139029
10,0,1,SR,0.21413935
10,0,1,DR,0.288762967
10,0,1,ACW,5.038393541
10,0,1,COKE,0.142521619
10,0,1,RLearner,0.227892711
10,0,1,SR,0.254896946
10,0,1,DR,0.173257481
10,0,1,ACW,0.256300792
10,0,1,COKE,0.125919299
10,0,1,RLearner,0.192169768
10,0,1,SR,0.208960979
10,0,1,DR,0.201057911
10,0,1,ACW,0.306954838
10,0,1,COKE,0.193640092
10,0,1,RLearner,0.200826395
10,0,1,SR,0.373603638
10,0,1,DR,0.218353415
10,0,1,ACW,1.185976645
10,0,1,COKE,0.185732685
10,0,1,RLearner,0.209849026
10,0,1,SR,0.177551258
10,0,1,DR,0.191856702
10,0,1,ACW,0.730169943
10,0,1,COKE,0.158230266
10,0,1,RLearner,0.170292949
10,0,1,SR,0.163577788
10,0,1,DR,0.157462154
10,0,1,ACW,0.278510265
10,0,1,COKE,0.12545363
10,0,1,RLearner,0.154690132
10,0,1,SR,0.203118486
10,0,1,DR,0.192543306
10,0,1,ACW,0.253436522
10,0,1,COKE,0.139595976
10,0,1,RLearner,0.169164782
10,0,1,SR,0.175637341
10,0,1,DR,0.170127048
10,0,1,ACW,1.797024909
10,0,1,COKE,0.211228967
10,0,1,RLearner,0.184346114
10,0,1,SR,0.201356195
10,0,1,DR,0.237232723
10,0,1,ACW,0.54527951
10,0,1,COKE,0.139716905
10,0,1,RLearner,0.193286223
10,0,1,SR,0.348502215
10,0,1,DR,0.210383868
10,0,1,ACW,0.395163687
10,0,1,COKE,0.165449751
10,0,1,RLearner,0.225663688
10,0,1,SR,0.180044226
10,0,1,DR,0.249083833
10,0,1,ACW,0.178541543
10,0,1,COKE,0.1676376
10,0,1,RLearner,0.206212696
10,0,1,SR,0.23031429
10,0,1,DR,0.266129341
10,0,1,ACW,0.501307994
10,0,1,COKE,0.14724416
10,0,1,RLearner,0.202503268
10,0,1,SR,0.2050224
10,0,1,DR,0.244902578
10,0,1,ACW,0.355978435
10,0,1,COKE,0.173881778
10,0,1,RLearner,0.236389508
10,0,1,SR,0.272862989
10,0,1,DR,0.303855603
10,0,1,ACW,0.399485752
10,0,1,COKE,0.169264419
10,0,1,RLearner,0.215000226
10,0,1,SR,0.215208561
10,0,1,DR,0.183023133
10,0,1,ACW,1.331704648
10,0,1,COKE,0.146416335
10,0,1,RLearner,0.179782996
10,0,1,SR,0.199686029
10,0,1,DR,0.150381776
10,0,1,ACW,0.605531406
10,0,1,COKE,0.142989029
10,0,1,RLearner,0.196292203
10,0,1,SR,0.264698511
10,0,1,DR,0.223524618
10,0,1,ACW,0.837148296
10,0,1,COKE,0.182761547
10,0,1,RLearner,0.235414313
10,0,1,SR,0.263955346
10,0,1,DR,0.146752513
10,0,1,ACW,0.471749411
10,0,1,COKE,0.079925851
10,0,1,RLearner,0.133132095
10,0,1,SR,0.303074914
10,0,1,DR,0.163478059
10,0,1,ACW,0.191055414
10,0,1,COKE,0.15001332
10,0,1,RLearner,0.159318788
10,0,1,SR,0.272039509
10,0,1,DR,0.193690368
10,0,1,ACW,0.190735686
10,0,1,COKE,0.15976271
10,0,1,RLearner,0.226274331
10,0,1,SR,0.193417411
10,0,1,DR,0.248393056
10,0,1,ACW,0.747654608
10,0,1,COKE,0.132191709
10,0,1,RLearner,0.170926762
10,0,1,SR,0.207648743
10,0,1,DR,0.147120973
10,0,1,ACW,0.193026463
10,0,1,COKE,0.136795042
10,0,1,RLearner,0.174402354
10,0,1,SR,0.269784968
10,0,1,DR,0.188301006
10,0,1,ACW,0.491377352
10,0,1,COKE,0.129434247
10,0,1,RLearner,0.213001054
10,0,1,SR,0.267457231
10,0,1,DR,0.231081788
10,0,1,ACW,0.305690065
10,0,1,COKE,0.158979719
10,0,1,RLearner,0.199284478
10,0,1,SR,0.242468368
10,0,1,DR,0.154090724
10,0,1,ACW,0.396670528
10,0,1,COKE,0.113334694
10,0,1,RLearner,0.163038383
10,0,1,SR,0.315426099
10,0,1,DR,0.223713941
10,0,1,ACW,0.585788107
10,0,1,COKE,0.122206015
10,0,1,RLearner,0.19351974
10,0,1,SR,0.198751025
10,0,1,DR,0.123677459
10,0,1,ACW,1.042775131
10,0,1,COKE,0.105002214
10,0,1,RLearner,0.145849643
10,0,1,SR,0.142160088
10,0,1,DR,0.172255732
10,0,1,ACW,0.419052303
10,0,1,COKE,0.152960149
10,0,1,RLearner,0.173196446
10,0.5,1,SR,0.186205271
10,0.5,1,DR,0.19429997
10,0.5,1,ACW,0.182963712
10,0.5,1,COKE,0.132110876
10,0.5,1,RLearner,0.172138432
10,0.5,1,SR,0.272890625
10,0.5,1,DR,0.261511692
10,0.5,1,ACW,0.234492687
10,0.5,1,COKE,0.124367972
10,0.5,1,RLearner,0.213121675
10,0.5,1,SR,0.258531245
10,0.5,1,DR,0.300441635
10,0.5,1,ACW,0.363958794
10,0.5,1,COKE,0.175861659
10,0.5,1,RLearner,0.253883331
10,0.5,1,SR,0.219064238
10,0.5,1,DR,0.286606857
10,0.5,1,ACW,0.208698266
10,0.5,1,COKE,0.130253744
10,0.5,1,RLearner,0.155894623
10,0.5,1,SR,0.243108289
10,0.5,1,DR,0.324045877
10,0.5,1,ACW,2.40604634
10,0.5,1,COKE,0.202677747
10,0.5,1,RLearner,0.244374717
10,0.5,1,SR,0.291497886
10,0.5,1,DR,0.143636791
10,0.5,1,ACW,0.79663237
10,0.5,1,COKE,0.146290423
10,0.5,1,RLearner,0.194565243
10,0.5,1,SR,0.235819661
10,0.5,1,DR,0.215006946
10,0.5,1,ACW,0.385048136
10,0.5,1,COKE,0.138742989
10,0.5,1,RLearner,0.264541936
10,0.5,1,SR,0.255569198
10,0.5,1,DR,0.225921153
10,0.5,1,ACW,2.127256579
10,0.5,1,COKE,0.194660485
10,0.5,1,RLearner,0.223832585
10,0.5,1,SR,0.191322576
10,0.5,1,DR,0.183822376
10,0.5,1,ACW,6.26879426
10,0.5,1,COKE,0.17087256
10,0.5,1,RLearner,0.220610282
10,0.5,1,SR,0.177386177
10,0.5,1,DR,0.206833573
10,0.5,1,ACW,1.782878221
10,0.5,1,COKE,0.100001692
10,0.5,1,RLearner,0.224409997
10,0.5,1,SR,0.171092925
10,0.5,1,DR,0.199958914
10,0.5,1,ACW,0.60700423
10,0.5,1,COKE,0.169503945
10,0.5,1,RLearner,0.256326597
10,0.5,1,SR,0.244589313
10,0.5,1,DR,0.179731303
10,0.5,1,ACW,0.619166869
10,0.5,1,COKE,0.135803893
10,0.5,1,RLearner,0.152559428
10,0.5,1,SR,0.215146477
10,0.5,1,DR,0.207743913
10,0.5,1,ACW,0.186469337
10,0.5,1,COKE,0.17329685
10,0.5,1,RLearner,0.144931657
10,0.5,1,SR,0.350734367
10,0.5,1,DR,0.189342141
10,0.5,1,ACW,0.370554799
10,0.5,1,COKE,0.158018812
10,0.5,1,RLearner,0.208731163
10,0.5,1,SR,0.20443777
10,0.5,1,DR,0.217027218
10,0.5,1,ACW,0.217929099
10,0.5,1,COKE,0.138788993
10,0.5,1,RLearner,0.19173086
10,0.5,1,SR,0.228619288
10,0.5,1,DR,0.234426018
10,0.5,1,ACW,0.381283151
10,0.5,1,COKE,0.213831157
10,0.5,1,RLearner,0.228552219
10,0.5,1,SR,0.186346743
10,0.5,1,DR,0.24862069
10,0.5,1,ACW,0.717297806
10,0.5,1,COKE,0.163476841
10,0.5,1,RLearner,0.269809732
10,0.5,1,SR,0.166458015
10,0.5,1,DR,0.277589637
10,0.5,1,ACW,2.372667663
10,0.5,1,COKE,0.112285154
10,0.5,1,RLearner,0.212547757
10,0.5,1,SR,0.237169129
10,0.5,1,DR,0.187088479
10,0.5,1,ACW,0.276246191
10,0.5,1,COKE,0.119572333
10,0.5,1,RLearner,0.187354618
10,0.5,1,SR,0.322925443
10,0.5,1,DR,0.198397019
10,0.5,1,ACW,0.344618542
10,0.5,1,COKE,0.125476355
10,0.5,1,RLearner,0.261029801
10,0.5,1,SR,0.218440202
10,0.5,1,DR,0.144680009
10,0.5,1,ACW,0.206519705
10,0.5,1,COKE,0.194577552
10,0.5,1,RLearner,0.175945013
10,0.5,1,SR,0.265038294
10,0.5,1,DR,0.209151073
10,0.5,1,ACW,0.448162735
10,0.5,1,COKE,0.168415663
10,0.5,1,RLearner,0.205402295
10,0.5,1,SR,0.271231171
10,0.5,1,DR,0.241924205
10,0.5,1,ACW,0.255284323
10,0.5,1,COKE,0.178980398
10,0.5,1,RLearner,0.233386189
10,0.5,1,SR,0.308563872
10,0.5,1,DR,0.227659148
10,0.5,1,ACW,0.353354047
10,0.5,1,COKE,0.161647042
10,0.5,1,RLearner,0.200807191
10,0.5,1,SR,0.263043061
10,0.5,1,DR,0.206168414
10,0.5,1,ACW,0.318188765
10,0.5,1,COKE,0.133860875
10,0.5,1,RLearner,0.213096656
10,0.5,1,SR,0.142764722
10,0.5,1,DR,0.160415232
10,0.5,1,ACW,0.35318006
10,0.5,1,COKE,0.109557487
10,0.5,1,RLearner,0.185753427
10,0.5,1,SR,0.28458352
10,0.5,1,DR,0.220157354
10,0.5,1,ACW,0.283928707
10,0.5,1,COKE,0.118773849
10,0.5,1,RLearner,0.155604958
10,0.5,1,SR,0.296860852
10,0.5,1,DR,0.15489238
10,0.5,1,ACW,0.19637554
10,0.5,1,COKE,0.116430765
10,0.5,1,RLearner,0.208927603
10,0.5,1,SR,0.24951397
10,0.5,1,DR,0.221269808
10,0.5,1,ACW,2.330214009
10,0.5,1,COKE,0.19175127
10,0.5,1,RLearner,0.310602256
10,0.5,1,SR,0.17944095
10,0.5,1,DR,0.197663039
10,0.5,1,ACW,0.266767641
10,0.5,1,COKE,0.12721282
10,0.5,1,RLearner,0.153562856
10,0.5,1,SR,0.258313592
10,0.5,1,DR,0.253972554
10,0.5,1,ACW,0.481317807
10,0.5,1,COKE,0.202054146
10,0.5,1,RLearner,0.243512669
10,0.5,1,SR,0.191014529
10,0.5,1,DR,0.209875905
10,0.5,1,ACW,0.206371734
10,0.5,1,COKE,0.110108103
10,0.5,1,RLearner,0.178149456
10,0.5,1,SR,0.23948546
10,0.5,1,DR,0.190029305
10,0.5,1,ACW,0.238003441
10,0.5,1,COKE,0.131749737
10,0.5,1,RLearner,0.168020999
10,0.5,1,SR,0.288432031
10,0.5,1,DR,0.186430795
10,0.5,1,ACW,0.282824919
10,0.5,1,COKE,0.159976589
10,0.5,1,RLearner,0.15768716
10,0.5,1,SR,0.209983804
10,0.5,1,DR,0.200468726
10,0.5,1,ACW,2.471442966
10,0.5,1,COKE,0.147205744
10,0.5,1,RLearner,0.227596234
10,0.5,1,SR,0.284687745
10,0.5,1,DR,0.253674096
10,0.5,1,ACW,0.677224631
10,0.5,1,COKE,0.135827407
10,0.5,1,RLearner,0.206660588
10,0.5,1,SR,0.218056692
10,0.5,1,DR,0.22723274
10,0.5,1,ACW,0.221907469
10,0.5,1,COKE,0.131686631
10,0.5,1,RLearner,0.219891725
10,0.5,1,SR,0.232675714
10,0.5,1,DR,0.214416992
10,0.5,1,ACW,0.301796379
10,0.5,1,COKE,0.166992718
10,0.5,1,RLearner,0.288684452
10,0.5,1,SR,0.279970863
10,0.5,1,DR,0.214061166
10,0.5,1,ACW,3.459784858
10,0.5,1,COKE,0.161274286
10,0.5,1,RLearner,0.186121223
10,0.5,1,SR,0.219150756
10,0.5,1,DR,0.168749629
10,0.5,1,ACW,0.283287333
10,0.5,1,COKE,0.138906687
10,0.5,1,RLearner,0.150533178
10,0.5,1,SR,0.243431176
10,0.5,1,DR,0.189296068
10,0.5,1,ACW,0.194984703
10,0.5,1,COKE,0.134777688
10,0.5,1,RLearner,0.176120736
10,0.5,1,SR,0.23088102
10,0.5,1,DR,0.22547437
10,0.5,1,ACW,0.640212123
10,0.5,1,COKE,0.153385979
10,0.5,1,RLearner,0.226287486
10,0.5,1,SR,0.129458072
10,0.5,1,DR,0.213220107
10,0.5,1,ACW,0.248621285
10,0.5,1,COKE,0.200048058
10,0.5,1,RLearner,0.185517305
10,0.5,1,SR,0.340359181
10,0.5,1,DR,0.240000044
10,0.5,1,ACW,0.21534834
10,0.5,1,COKE,0.149150339
10,0.5,1,RLearner,0.217945926
10,0.5,1,SR,0.344258753
10,0.5,1,DR,0.26830706
10,0.5,1,ACW,0.839269907
10,0.5,1,COKE,0.175388675
10,0.5,1,RLearner,0.234175343
10,0.5,1,SR,0.209598392
10,0.5,1,DR,0.194676703
10,0.5,1,ACW,0.482765975
10,0.5,1,COKE,0.194945855
10,0.5,1,RLearner,0.171328046
10,0.5,1,SR,0.386796163
10,0.5,1,DR,0.161353217
10,0.5,1,ACW,0.166193383
10,0.5,1,COKE,0.137782836
10,0.5,1,RLearner,0.204495537
10,0.5,1,SR,0.223117069
10,0.5,1,DR,0.191694919
10,0.5,1,ACW,0.244878806
10,0.5,1,COKE,0.12723005
10,0.5,1,RLearner,0.236805986
10,0.5,1,SR,0.264610048
10,0.5,1,DR,0.29249455
10,0.5,1,ACW,0.38750601
10,0.5,1,COKE,0.178094226
10,0.5,1,RLearner,0.263047814
10,0.5,1,SR,0.334862921
10,0.5,1,DR,0.350743083
10,0.5,1,ACW,0.383336827
10,0.5,1,COKE,0.13383036
10,0.5,1,RLearner,0.35247637
10,0.5,1,SR,0.197893082
10,0.5,1,DR,0.171435561
10,0.5,1,ACW,0.166857584
10,0.5,1,COKE,0.119589985
10,0.5,1,RLearner,0.164423388
10,0.5,1,SR,0.160813137
10,0.5,1,DR,0.363994342
10,0.5,1,ACW,0.851537128
10,0.5,1,COKE,0.25040549
10,0.5,1,RLearner,0.246893651
10,0.5,1,SR,0.251554034
10,0.5,1,DR,0.202852494
10,0.5,1,ACW,0.269239391
10,0.5,1,COKE,0.126727901
10,0.5,1,RLearner,0.182458366
10,0.5,1,SR,0.243732032
10,0.5,1,DR,0.258300381
10,0.5,1,ACW,0.880664507
10,0.5,1,COKE,0.150295121
10,0.5,1,RLearner,0.217507044
10,0.5,1,SR,0.240160335
10,0.5,1,DR,0.214787171
10,0.5,1,ACW,0.850664782
10,0.5,1,COKE,0.12717992
10,0.5,1,RLearner,0.246840752
10,0.5,1,SR,0.285558867
10,0.5,1,DR,0.178044615
10,0.5,1,ACW,0.355392655
10,0.5,1,COKE,0.201744304
10,0.5,1,RLearner,0.241014005
10,0.5,1,SR,0.220517833
10,0.5,1,DR,0.187610364
10,0.5,1,ACW,1.671671246
10,0.5,1,COKE,0.128411804
10,0.5,1,RLearner,0.135764989
10,0.5,1,SR,0.265272012
10,0.5,1,DR,0.181422988
10,0.5,1,ACW,0.466954987
10,0.5,1,COKE,0.12129663
10,0.5,1,RLearner,0.203498257
10,0.5,1,SR,0.227093856
10,0.5,1,DR,0.221450131
10,0.5,1,ACW,2.001106508
10,0.5,1,COKE,0.140301318
10,0.5,1,RLearner,0.199439458
10,0.5,1,SR,0.244474077
10,0.5,1,DR,0.23207106
10,0.5,1,ACW,0.925004372
10,0.5,1,COKE,0.142537738
10,0.5,1,RLearner,0.15508365
10,0.5,1,SR,0.182470459
10,0.5,1,DR,0.217070498
10,0.5,1,ACW,0.309549209
10,0.5,1,COKE,0.160719402
10,0.5,1,RLearner,0.236643864
10,0.5,1,SR,0.271970023
10,0.5,1,DR,0.195407311
10,0.5,1,ACW,0.236978183
10,0.5,1,COKE,0.111795396
10,0.5,1,RLearner,0.136678606
10,0.5,1,SR,0.253660276
10,0.5,1,DR,0.237996084
10,0.5,1,ACW,0.237145886
10,0.5,1,COKE,0.153122784
10,0.5,1,RLearner,0.206796979
10,0.5,1,SR,0.240799438
10,0.5,1,DR,0.182496469
10,0.5,1,ACW,0.397144688
10,0.5,1,COKE,0.117058568
10,0.5,1,RLearner,0.193116057
10,0.5,1,SR,0.224147378
10,0.5,1,DR,0.184723245
10,0.5,1,ACW,0.376114455
10,0.5,1,COKE,0.124536004
10,0.5,1,RLearner,0.180065906
10,0.5,1,SR,0.280044335
10,0.5,1,DR,0.172035781
10,0.5,1,ACW,0.200198756
10,0.5,1,COKE,0.117246654
10,0.5,1,RLearner,0.152029538
10,0.5,1,SR,0.225070028
10,0.5,1,DR,0.199463615
10,0.5,1,ACW,0.315944466
10,0.5,1,COKE,0.12666356
10,0.5,1,RLearner,0.15340563
10,0.5,1,SR,0.225732238
10,0.5,1,DR,0.274869603
10,0.5,1,ACW,1.600285918
10,0.5,1,COKE,0.137907476
10,0.5,1,RLearner,0.268849523
10,0.5,1,SR,0.198564692
10,0.5,1,DR,0.208412405
10,0.5,1,ACW,0.510624369
10,0.5,1,COKE,0.149099718
10,0.5,1,RLearner,0.217638464
10,0.5,1,SR,0.23595172
10,0.5,1,DR,0.172361897
10,0.5,1,ACW,0.249982843
10,0.5,1,COKE,0.126463738
10,0.5,1,RLearner,0.213437492
10,0.5,1,SR,0.234553433
10,0.5,1,DR,0.194447764
10,0.5,1,ACW,0.328946202
10,0.5,1,COKE,0.142560463
10,0.5,1,RLearner,0.234854485
10,0.5,1,SR,0.200814239
10,0.5,1,DR,0.18437336
10,0.5,1,ACW,0.967464907
10,0.5,1,COKE,0.114661157
10,0.5,1,RLearner,0.281694519
10,0.5,1,SR,0.288705136
10,0.5,1,DR,0.163192266
10,0.5,1,ACW,0.722434441
10,0.5,1,COKE,0.179335032
10,0.5,1,RLearner,0.258727001
10,0.5,1,SR,0.192638334
10,0.5,1,DR,0.20894743
10,0.5,1,ACW,0.572952762
10,0.5,1,COKE,0.127466593
10,0.5,1,RLearner,0.158381116
10,0.5,1,SR,0.231386598
10,0.5,1,DR,0.261721566
10,0.5,1,ACW,1.576951204
10,0.5,1,COKE,0.247047208
10,0.5,1,RLearner,0.261416558
10,0.5,1,SR,0.291369848
10,0.5,1,DR,0.298955437
10,0.5,1,ACW,0.342128482
10,0.5,1,COKE,0.175576916
10,0.5,1,RLearner,0.195835571
10,0.5,1,SR,0.238597037
10,0.5,1,DR,0.215207933
10,0.5,1,ACW,0.219184283
10,0.5,1,COKE,0.151661695
10,0.5,1,RLearner,0.174001815
10,0.5,1,SR,0.236900925
10,0.5,1,DR,0.28423787
10,0.5,1,ACW,3.551559644
10,0.5,1,COKE,0.186446822
10,0.5,1,RLearner,0.269580197
10,0.5,1,SR,0.349886914
10,0.5,1,DR,0.236275429
10,0.5,1,ACW,0.529104287
10,0.5,1,COKE,0.13861851
10,0.5,1,RLearner,0.178265481
10,0.5,1,SR,0.270882412
10,0.5,1,DR,0.202426986
10,0.5,1,ACW,9.90702907
10,0.5,1,COKE,0.234783867
10,0.5,1,RLearner,0.260296381
10,0.5,1,SR,0.262356903
10,0.5,1,DR,0.23425873
10,0.5,1,ACW,0.23990449
10,0.5,1,COKE,0.131846948
10,0.5,1,RLearner,0.232423928
10,0.5,1,SR,0.285191705
10,0.5,1,DR,0.236201209
10,0.5,1,ACW,1.937749605
10,0.5,1,COKE,0.159385188
10,0.5,1,RLearner,0.250857256
10,0.5,1,SR,0.182153086
10,0.5,1,DR,0.193378522
10,0.5,1,ACW,0.519478813
10,0.5,1,COKE,0.115614401
10,0.5,1,RLearner,0.210453536
10,0.5,1,SR,0.195743439
10,0.5,1,DR,0.173265933
10,0.5,1,ACW,0.266120435
10,0.5,1,COKE,0.131784102
10,0.5,1,RLearner,0.22305716
10,0.5,1,SR,0.367542927
10,0.5,1,DR,0.219099747
10,0.5,1,ACW,0.260371842
10,0.5,1,COKE,0.145483615
10,0.5,1,RLearner,0.204418269
10,0.5,1,SR,0.187444519
10,0.5,1,DR,0.260534776
10,0.5,1,ACW,3.567415223
10,0.5,1,COKE,0.199167355
10,0.5,1,RLearner,0.245151095
10,0.5,1,SR,0.268921171
10,0.5,1,DR,0.14853064
10,0.5,1,ACW,0.349574864
10,0.5,1,COKE,0.125666836
10,0.5,1,RLearner,0.1795311
10,0.5,1,SR,0.243074734
10,0.5,1,DR,0.144861005
10,0.5,1,ACW,0.314212388
10,0.5,1,COKE,0.138338249
10,0.5,1,RLearner,0.189167949
10,0.5,1,SR,0.283191344
10,0.5,1,DR,0.294057305
10,0.5,1,ACW,0.379306448
10,0.5,1,COKE,0.188127307
10,0.5,1,RLearner,0.305931599
10,0.5,1,SR,0.257370301
10,0.5,1,DR,0.167833963
10,0.5,1,ACW,3.194882368
10,0.5,1,COKE,0.135377274
10,0.5,1,RLearner,0.194936567
10,0.5,1,SR,0.206470383
10,0.5,1,DR,0.224061473
10,0.5,1,ACW,0.331591475
10,0.5,1,COKE,0.15739634
10,0.5,1,RLearner,0.22031001
10,0.5,1,SR,0.229199478
10,0.5,1,DR,0.16225611
10,0.5,1,ACW,0.199094495
10,0.5,1,COKE,0.132838078
10,0.5,1,RLearner,0.189369779
10,0.5,1,SR,0.217921752
10,0.5,1,DR,0.264244473
10,0.5,1,ACW,0.267273877
10,0.5,1,COKE,0.110551301
10,0.5,1,RLearner,0.246306889
10,0.5,1,SR,0.304146384
10,0.5,1,DR,0.235262928
10,0.5,1,ACW,0.233384052
10,0.5,1,COKE,0.143069714
10,0.5,1,RLearner,0.180067792
10,0.5,1,SR,0.248460663
10,0.5,1,DR,0.195049021
10,0.5,1,ACW,0.36599637
10,0.5,1,COKE,0.146720948
10,0.5,1,RLearner,0.20857567
10,0.5,1,SR,0.20665814
10,0.5,1,DR,0.213638563
10,0.5,1,ACW,2.513558988
10,0.5,1,COKE,0.173826237
10,0.5,1,RLearner,0.217218052
10,0.5,1,SR,0.265110441
10,0.5,1,DR,0.213410404
10,0.5,1,ACW,0.274806971
10,0.5,1,COKE,0.154571668
10,0.5,1,RLearner,0.210805706
10,0.5,1,SR,0.266725023
10,0.5,1,DR,0.173193098
10,0.5,1,ACW,0.354920752
10,0.5,1,COKE,0.159947615
10,0.5,1,RLearner,0.179270311
10,0.5,1,SR,0.369085216
10,0.5,1,DR,0.191750088
10,0.5,1,ACW,0.820878362
10,0.5,1,COKE,0.151244501
10,0.5,1,RLearner,0.19778227
10,0.5,1,SR,0.216200821
10,0.5,1,DR,0.236382661
10,0.5,1,ACW,0.206122045
10,0.5,1,COKE,0.177664774
10,0.5,1,RLearner,0.188184098
10,1,1,SR,0.253119289
10,1,1,DR,0.19919824
10,1,1,ACW,0.213800533
10,1,1,COKE,0.128792421
10,1,1,RLearner,0.205073892
10,1,1,SR,0.219862027
10,1,1,DR,0.236926499
10,1,1,ACW,0.5278311
10,1,1,COKE,0.123794684
10,1,1,RLearner,0.188238007
10,1,1,SR,0.259414568
10,1,1,DR,0.22786285
10,1,1,ACW,0.427413922
10,1,1,COKE,0.12414883
10,1,1,RLearner,0.20520879
10,1,1,SR,0.407790905
10,1,1,DR,0.186418544
10,1,1,ACW,3.152527942
10,1,1,COKE,0.16200688
10,1,1,RLearner,0.205443986
10,1,1,SR,0.206528613
10,1,1,DR,0.185942707
10,1,1,ACW,0.291530928
10,1,1,COKE,0.141485051
10,1,1,RLearner,0.156049876
10,1,1,SR,0.357191896
10,1,1,DR,0.254494382
10,1,1,ACW,0.193548852
10,1,1,COKE,0.155192391
10,1,1,RLearner,0.210004511
10,1,1,SR,0.303110309
10,1,1,DR,0.290129863
10,1,1,ACW,0.430624185
10,1,1,COKE,0.151955647
10,1,1,RLearner,0.228952355
10,1,1,SR,0.288715126
10,1,1,DR,0.364506892
10,1,1,ACW,2.494309049
10,1,1,COKE,0.135190078
10,1,1,RLearner,0.201253134
10,1,1,SR,0.340524824
10,1,1,DR,0.187503979
10,1,1,ACW,0.957496947
10,1,1,COKE,0.149341408
10,1,1,RLearner,0.161818682
10,1,1,SR,0.25169933
10,1,1,DR,0.230653765
10,1,1,ACW,0.295015513
10,1,1,COKE,0.165921316
10,1,1,RLearner,0.139657125
10,1,1,SR,0.260357455
10,1,1,DR,0.290128468
10,1,1,ACW,0.739406069
10,1,1,COKE,0.142053375
10,1,1,RLearner,0.207175399
10,1,1,SR,0.283926946
10,1,1,DR,0.258603366
10,1,1,ACW,3.073634312
10,1,1,COKE,0.133397402
10,1,1,RLearner,0.15233589
10,1,1,SR,0.368504312
10,1,1,DR,0.228526957
10,1,1,ACW,1.760446836
10,1,1,COKE,0.160352755
10,1,1,RLearner,0.25619771
10,1,1,SR,0.283428173
10,1,1,DR,0.248019752
10,1,1,ACW,1.123588404
10,1,1,COKE,0.134186528
10,1,1,RLearner,0.213452776
10,1,1,SR,0.392673482
10,1,1,DR,0.192466801
10,1,1,ACW,0.240356431
10,1,1,COKE,0.126997271
10,1,1,RLearner,0.164552425
10,1,1,SR,0.280388626
10,1,1,DR,0.234472699
10,1,1,ACW,2.001680128
10,1,1,COKE,0.154186945
10,1,1,RLearner,0.213176825
10,1,1,SR,0.348598002
10,1,1,DR,0.164090315
10,1,1,ACW,0.746104852
10,1,1,COKE,0.150713405
10,1,1,RLearner,0.143804432
10,1,1,SR,0.332969368
10,1,1,DR,0.263023745
10,1,1,ACW,3.55003724
10,1,1,COKE,0.172863225
10,1,1,RLearner,0.276325312
10,1,1,SR,0.182799277
10,1,1,DR,0.205270279
10,1,1,ACW,0.409500025
10,1,1,COKE,0.144759124
10,1,1,RLearner,0.205003044
10,1,1,SR,0.284370761
10,1,1,DR,0.327150439
10,1,1,ACW,0.382737415
10,1,1,COKE,0.197146017
10,1,1,RLearner,0.190919188
10,1,1,SR,0.224960199
10,1,1,DR,0.235492066
10,1,1,ACW,0.290517126
10,1,1,COKE,0.148540574
10,1,1,RLearner,0.21490396
10,1,1,SR,0.251809982
10,1,1,DR,0.220116626
10,1,1,ACW,0.206209067
10,1,1,COKE,0.13137645
10,1,1,RLearner,0.19941981
10,1,1,SR,0.364063786
10,1,1,DR,0.214908432
10,1,1,ACW,0.267195003
10,1,1,COKE,0.167925042
10,1,1,RLearner,0.201801099
10,1,1,SR,0.228880923
10,1,1,DR,0.251069477
10,1,1,ACW,0.365387628
10,1,1,COKE,0.143607457
10,1,1,RLearner,0.186032023
10,1,1,SR,0.223627683
10,1,1,DR,0.138182592
10,1,1,ACW,16.06388812
10,1,1,COKE,0.119990315
10,1,1,RLearner,0.140845183
10,1,1,SR,0.333080058
10,1,1,DR,0.229732482
10,1,1,ACW,1.667826296
10,1,1,COKE,0.128704831
10,1,1,RLearner,0.240254961
10,1,1,SR,0.368164632
10,1,1,DR,0.129545566
10,1,1,ACW,3.467001592
10,1,1,COKE,0.105012166
10,1,1,RLearner,0.15677545
10,1,1,SR,0.317434057
10,1,1,DR,0.257388957
10,1,1,ACW,0.201123158
10,1,1,COKE,0.128495169
10,1,1,RLearner,0.276335207
10,1,1,SR,0.305149211
10,1,1,DR,0.198772729
10,1,1,ACW,0.207325651
10,1,1,COKE,0.162569934
10,1,1,RLearner,0.213083701
10,1,1,SR,0.267787301
10,1,1,DR,0.192787143
10,1,1,ACW,0.252158831
10,1,1,COKE,0.1275821
10,1,1,RLearner,0.201217562
10,1,1,SR,0.286860744
10,1,1,DR,0.249607151
10,1,1,ACW,0.35609347
10,1,1,COKE,0.142032148
10,1,1,RLearner,0.208902593
10,1,1,SR,0.325799159
10,1,1,DR,0.295648934
10,1,1,ACW,0.287194018
10,1,1,COKE,0.148670844
10,1,1,RLearner,0.169498589
10,1,1,SR,0.225810379
10,1,1,DR,0.167238989
10,1,1,ACW,0.465559951
10,1,1,COKE,0.134058505
10,1,1,RLearner,0.15769181
10,1,1,SR,0.29900299
10,1,1,DR,0.176206809
10,1,1,ACW,0.426332883
10,1,1,COKE,0.140981472
10,1,1,RLearner,0.170066201
10,1,1,SR,0.330187222
10,1,1,DR,0.200854801
10,1,1,ACW,0.27104035
10,1,1,COKE,0.177087568
10,1,1,RLearner,0.19960834
10,1,1,SR,0.263146534
10,1,1,DR,0.250696804
10,1,1,ACW,0.441010156
10,1,1,COKE,0.156819209
10,1,1,RLearner,0.259929103
10,1,1,SR,0.208996229
10,1,1,DR,0.206231433
10,1,1,ACW,0.28435265
10,1,1,COKE,0.135755614
10,1,1,RLearner,0.256844682
10,1,1,SR,0.253282599
10,1,1,DR,0.23772847
10,1,1,ACW,0.297718496
10,1,1,COKE,0.155450171
10,1,1,RLearner,0.212300692
10,1,1,SR,0.226556406
10,1,1,DR,0.222536367
10,1,1,ACW,0.967328795
10,1,1,COKE,0.181615611
10,1,1,RLearner,0.221516321
10,1,1,SR,0.243250824
10,1,1,DR,0.241454768
10,1,1,ACW,0.444613511
10,1,1,COKE,0.140224226
10,1,1,RLearner,0.276723816
10,1,1,SR,0.26015064
10,1,1,DR,0.271786336
10,1,1,ACW,0.290335627
10,1,1,COKE,0.13280687
10,1,1,RLearner,0.240050943
10,1,1,SR,0.26791427
10,1,1,DR,0.406062678
10,1,1,ACW,0.39104179
10,1,1,COKE,0.140150154
10,1,1,RLearner,0.251621723
10,1,1,SR,0.26446827
10,1,1,DR,0.193871744
10,1,1,ACW,0.368814167
10,1,1,COKE,0.144086137
10,1,1,RLearner,0.191501054
10,1,1,SR,0.248492126
10,1,1,DR,0.217872723
10,1,1,ACW,4.20212942
10,1,1,COKE,0.127768771
10,1,1,RLearner,0.182620173
10,1,1,SR,0.335077849
10,1,1,DR,0.193983903
10,1,1,ACW,2.600717772
10,1,1,COKE,0.136146187
10,1,1,RLearner,0.16468002
10,1,1,SR,0.181546425
10,1,1,DR,0.212880223
10,1,1,ACW,0.433912825
10,1,1,COKE,0.125661315
10,1,1,RLearner,0.194281045
10,1,1,SR,0.299650322
10,1,1,DR,0.213730844
10,1,1,ACW,0.238337205
10,1,1,COKE,0.131091556
10,1,1,RLearner,0.161310392
10,1,1,SR,0.390476221
10,1,1,DR,0.224113628
10,1,1,ACW,0.233130264
10,1,1,COKE,0.153001825
10,1,1,RLearner,0.188106513
10,1,1,SR,0.415870849
10,1,1,DR,0.185965768
10,1,1,ACW,2.826106822
10,1,1,COKE,0.141037637
10,1,1,RLearner,0.186331339
10,1,1,SR,0.248846447
10,1,1,DR,0.220273478
10,1,1,ACW,0.24891436
10,1,1,COKE,0.146076138
10,1,1,RLearner,0.131712283
10,1,1,SR,0.201359992
10,1,1,DR,0.216143919
10,1,1,ACW,0.563599967
10,1,1,COKE,0.129511283
10,1,1,RLearner,0.147022933
10,1,1,SR,0.22453171
10,1,1,DR,0.234785081
10,1,1,ACW,0.478496753
10,1,1,COKE,0.162180973
10,1,1,RLearner,0.157515348
10,1,1,SR,0.306550547
10,1,1,DR,0.221938429
10,1,1,ACW,0.224303916
10,1,1,COKE,0.143746097
10,1,1,RLearner,0.159964319
10,1,1,SR,0.297802584
10,1,1,DR,0.255706317
10,1,1,ACW,0.563052792
10,1,1,COKE,0.144413496
10,1,1,RLearner,0.244145959
10,1,1,SR,0.282247882
10,1,1,DR,0.264371127
10,1,1,ACW,2.448614482
10,1,1,COKE,0.142105742
10,1,1,RLearner,0.177480422
10,1,1,SR,0.238097599
10,1,1,DR,0.16804973
10,1,1,ACW,0.956752306
10,1,1,COKE,0.119910525
10,1,1,RLearner,0.191923226
10,1,1,SR,0.173275878
10,1,1,DR,0.177523108
10,1,1,ACW,0.948926233
10,1,1,COKE,0.140729756
10,1,1,RLearner,0.17765166
10,1,1,SR,0.284403814
10,1,1,DR,0.15555767
10,1,1,ACW,0.509481186
10,1,1,COKE,0.137484073
10,1,1,RLearner,0.187224562
10,1,1,SR,0.305181438
10,1,1,DR,0.159779958
10,1,1,ACW,7.588986358
10,1,1,COKE,0.165978564
10,1,1,RLearner,0.187615179
10,1,1,SR,0.353212858
10,1,1,DR,0.170840588
10,1,1,ACW,0.364962047
10,1,1,COKE,0.138109942
10,1,1,RLearner,0.204108776
10,1,1,SR,0.325947525
10,1,1,DR,0.286637186
10,1,1,ACW,0.245307958
10,1,1,COKE,0.154387807
10,1,1,RLearner,0.245835027
10,1,1,SR,0.193132893
10,1,1,DR,0.270527679
10,1,1,ACW,0.330954104
10,1,1,COKE,0.145809025
10,1,1,RLearner,0.239304275
10,1,1,SR,0.282790894
10,1,1,DR,0.236088055
10,1,1,ACW,0.327274806
10,1,1,COKE,0.156267906
10,1,1,RLearner,0.246975612
10,1,1,SR,0.315445532
10,1,1,DR,0.165290367
10,1,1,ACW,0.198899198
10,1,1,COKE,0.107670073
10,1,1,RLearner,0.134800031
10,1,1,SR,0.277511814
10,1,1,DR,0.302122024
10,1,1,ACW,0.342681495
10,1,1,COKE,0.136355969
10,1,1,RLearner,0.189283803
10,1,1,SR,0.313872539
10,1,1,DR,0.169426491
10,1,1,ACW,0.287351423
10,1,1,COKE,0.144704513
10,1,1,RLearner,0.165207837
10,1,1,SR,0.37260262
10,1,1,DR,0.258393025
10,1,1,ACW,0.217278646
10,1,1,COKE,0.190556466
10,1,1,RLearner,0.27642819
10,1,1,SR,0.234866898
10,1,1,DR,0.163836551
10,1,1,ACW,0.446150176
10,1,1,COKE,0.121358133
10,1,1,RLearner,0.159511562
10,1,1,SR,0.288552231
10,1,1,DR,0.211197939
10,1,1,ACW,0.475540165
10,1,1,COKE,0.140812309
10,1,1,RLearner,0.165728985
10,1,1,SR,0.21544431
10,1,1,DR,0.192366757
10,1,1,ACW,0.284961576
10,1,1,COKE,0.116889685
10,1,1,RLearner,0.17813283
10,1,1,SR,0.313988774
10,1,1,DR,0.308194034
10,1,1,ACW,0.49549271
10,1,1,COKE,0.163338018
10,1,1,RLearner,0.248201481
10,1,1,SR,0.20046763
10,1,1,DR,0.2751676
10,1,1,ACW,1.561286371
10,1,1,COKE,0.145335297
10,1,1,RLearner,0.292231515
10,1,1,SR,0.189063046
10,1,1,DR,0.240803165
10,1,1,ACW,0.466907468
10,1,1,COKE,0.126932774
10,1,1,RLearner,0.187102074
10,1,1,SR,0.263790132
10,1,1,DR,0.242271505
10,1,1,ACW,1.60173185
10,1,1,COKE,0.134198266
10,1,1,RLearner,0.222678113
10,1,1,SR,0.275517575
10,1,1,DR,0.176725213
10,1,1,ACW,4.570835369
10,1,1,COKE,0.131953022
10,1,1,RLearner,0.196681857
10,1,1,SR,0.181393669
10,1,1,DR,0.17527535
10,1,1,ACW,0.483701756
10,1,1,COKE,0.139908744
10,1,1,RLearner,0.218355321
10,1,1,SR,0.244152498
10,1,1,DR,0.1774849
10,1,1,ACW,0.218676988
10,1,1,COKE,0.127714046
10,1,1,RLearner,0.223408781
10,1,1,SR,0.332913029
10,1,1,DR,0.21983002
10,1,1,ACW,0.327963635
10,1,1,COKE,0.128208386
10,1,1,RLearner,0.16119593
10,1,1,SR,0.202812268
10,1,1,DR,0.164933564
10,1,1,ACW,0.22467146
10,1,1,COKE,0.116134104
10,1,1,RLearner,0.180955333
10,1,1,SR,0.22218893
10,1,1,DR,0.200765556
10,1,1,ACW,0.355561222
10,1,1,COKE,0.126536391
10,1,1,RLearner,0.160511768
10,1,1,SR,0.362592399
10,1,1,DR,0.243269311
10,1,1,ACW,1.817122314
10,1,1,COKE,0.156871821
10,1,1,RLearner,0.180665307
10,1,1,SR,0.258059273
10,1,1,DR,0.234697608
10,1,1,ACW,0.42622721
10,1,1,COKE,0.140913415
10,1,1,RLearner,0.163493073
10,1,1,SR,0.246763633
10,1,1,DR,0.202024045
10,1,1,ACW,4.298544716
10,1,1,COKE,0.128746555
10,1,1,RLearner,0.168053181
10,1,1,SR,0.199382627
10,1,1,DR,0.162975032
10,1,1,ACW,0.24445574
10,1,1,COKE,0.111966856
10,1,1,RLearner,0.126309362
10,1,1,SR,0.388741971
10,1,1,DR,0.166882334
10,1,1,ACW,0.636751209
10,1,1,COKE,0.131609378
10,1,1,RLearner,0.196782577
10,1,1,SR,0.23543588
10,1,1,DR,0.196314547
10,1,1,ACW,0.386582545
10,1,1,COKE,0.139690998
10,1,1,RLearner,0.178979619
10,1,1,SR,0.347121512
10,1,1,DR,0.279026478
10,1,1,ACW,1.023728289
10,1,1,COKE,0.135190636
10,1,1,RLearner,0.22049001
10,1,1,SR,0.522443792
10,1,1,DR,0.151638619
10,1,1,ACW,2.306184731
10,1,1,COKE,0.165620627
10,1,1,RLearner,0.147555114
10,1,1,SR,0.479465026
10,1,1,DR,0.231813823
10,1,1,ACW,1.288536249
10,1,1,COKE,0.154534928
10,1,1,RLearner,0.21168005
10,1,1,SR,0.265913221
10,1,1,DR,0.199912028
10,1,1,ACW,0.302944135
10,1,1,COKE,0.162739791
10,1,1,RLearner,0.214719332
10,1,1,SR,0.206227524
10,1,1,DR,0.23277224
10,1,1,ACW,0.384651695
10,1,1,COKE,0.143634697
10,1,1,RLearner,0.220911158
10,1,1,SR,0.308494031
10,1,1,DR,0.160761394
10,1,1,ACW,0.350681336
10,1,1,COKE,0.132034632
10,1,1,RLearner,0.191877476
10,1,1,SR,0.299901242
10,1,1,DR,0.227899805
10,1,1,ACW,0.475648578
10,1,1,COKE,0.176045898
10,1,1,RLearner,0.264042612
10,1,1,SR,0.240561498
10,1,1,DR,0.19421385
10,1,1,ACW,0.324488826
10,1,1,COKE,0.143681657
10,1,1,RLearner,0.230792401
10,1,1,SR,0.344675824
10,1,1,DR,0.17797712
10,1,1,ACW,2.205280871
10,1,1,COKE,0.162889993
10,1,1,RLearner,0.154925879
10,1,1,SR,0.226360015
10,1,1,DR,0.223022615
10,1,1,ACW,0.246027381
10,1,1,COKE,0.171358699
10,1,1,RLearner,0.30748402
10,1,1,SR,0.258344604
10,1,1,DR,0.231973175
10,1,1,ACW,1.536925194
10,1,1,COKE,0.147506975
10,1,1,RLearner,0.21805998
10,1,1,SR,0.227914201
10,1,1,DR,0.231267528
10,1,1,ACW,2.61494336
10,1,1,COKE,0.143812084
10,1,1,RLearner,0.212427554
10,1,1,SR,0.341351706
10,1,1,DR,0.222531816
10,1,1,ACW,3.548730351
10,1,1,COKE,0.160592691
10,1,1,RLearner,0.240200943
10,1,1,SR,0.177109429
10,1,1,DR,0.178110472
10,1,1,ACW,0.459914114
10,1,1,COKE,0.119379675
10,1,1,RLearner,0.195394194
10,1.5,1,SR,0.284931872
10,1.5,1,DR,0.205728742
10,1.5,1,ACW,0.21750163
10,1.5,1,COKE,0.116280558
10,1.5,1,RLearner,0.224282264
10,1.5,1,SR,0.25097507
10,1.5,1,DR,0.301228024
10,1.5,1,ACW,0.215071229
10,1.5,1,COKE,0.147308945
10,1.5,1,RLearner,0.259382068
10,1.5,1,SR,0.369158711
10,1.5,1,DR,0.193961827
10,1.5,1,ACW,2.227637606
10,1.5,1,COKE,0.159716575
10,1.5,1,RLearner,0.173871658
10,1.5,1,SR,0.263088156
10,1.5,1,DR,0.196611444
10,1.5,1,ACW,0.190205949
10,1.5,1,COKE,0.14578578
10,1.5,1,RLearner,0.204614013
10,1.5,1,SR,0.291561557
10,1.5,1,DR,0.20878512
10,1.5,1,ACW,0.928775061
10,1.5,1,COKE,0.159403398
10,1.5,1,RLearner,0.162961011
10,1.5,1,SR,0.303007533
10,1.5,1,DR,0.202564365
10,1.5,1,ACW,0.314088569
10,1.5,1,COKE,0.131661587
10,1.5,1,RLearner,0.208452333
10,1.5,1,SR,0.309831968
10,1.5,1,DR,0.222200362
10,1.5,1,ACW,0.348999897
10,1.5,1,COKE,0.135983399
10,1.5,1,RLearner,0.208214853
10,1.5,1,SR,0.318359252
10,1.5,1,DR,0.181492142
10,1.5,1,ACW,0.176654235
10,1.5,1,COKE,0.156197142
10,1.5,1,RLearner,0.214399491
10,1.5,1,SR,0.445632619
10,1.5,1,DR,0.238233535
10,1.5,1,ACW,1.554739805
10,1.5,1,COKE,0.132859021
10,1.5,1,RLearner,0.177817072
10,1.5,1,SR,0.381074929
10,1.5,1,DR,0.252705849
10,1.5,1,ACW,1.21146444
10,1.5,1,COKE,0.143216367
10,1.5,1,RLearner,0.165180497
10,1.5,1,SR,0.536460354
10,1.5,1,DR,0.240543655
10,1.5,1,ACW,1.45126522
10,1.5,1,COKE,0.160228292
10,1.5,1,RLearner,0.275114287
10,1.5,1,SR,0.266639088
10,1.5,1,DR,0.164864674
10,1.5,1,ACW,1.76490017
10,1.5,1,COKE,0.131265547
10,1.5,1,RLearner,0.184124998
10,1.5,1,SR,0.324731212
10,1.5,1,DR,0.295962791
10,1.5,1,ACW,0.835980062
10,1.5,1,COKE,0.145329265
10,1.5,1,RLearner,0.175830378
10,1.5,1,SR,0.376851266
10,1.5,1,DR,0.184537164
10,1.5,1,ACW,0.306945263
10,1.5,1,COKE,0.129419952
10,1.5,1,RLearner,0.163653396
10,1.5,1,SR,0.336719623
10,1.5,1,DR,0.247138634
10,1.5,1,ACW,0.307610489
10,1.5,1,COKE,0.13167241
10,1.5,1,RLearner,0.185621523
10,1.5,1,SR,0.499034269
10,1.5,1,DR,0.261271145
10,1.5,1,ACW,0.534639366
10,1.5,1,COKE,0.185404933
10,1.5,1,RLearner,0.280249462
10,1.5,1,SR,0.2990919
10,1.5,1,DR,0.234936172
10,1.5,1,ACW,0.239597091
10,1.5,1,COKE,0.15373819
10,1.5,1,RLearner,0.206066212
10,1.5,1,SR,0.23620421
10,1.5,1,DR,0.272407373
10,1.5,1,ACW,1.161588489
10,1.5,1,COKE,0.154022111
10,1.5,1,RLearner,0.196228866
10,1.5,1,SR,0.401064548
10,1.5,1,DR,0.260118053
10,1.5,1,ACW,13.47003481
10,1.5,1,COKE,0.143996418
10,1.5,1,RLearner,0.215586352
10,1.5,1,SR,0.376400582
10,1.5,1,DR,0.207861289
10,1.5,1,ACW,2.122293747
10,1.5,1,COKE,0.205040626
10,1.5,1,RLearner,0.168509687
10,1.5,1,SR,0.295578436
10,1.5,1,DR,0.239890269
10,1.5,1,ACW,0.317189614
10,1.5,1,COKE,0.159060059
10,1.5,1,RLearner,0.217630382
10,1.5,1,SR,0.316203421
10,1.5,1,DR,0.215443805
10,1.5,1,ACW,0.242697072
10,1.5,1,COKE,0.147866719
10,1.5,1,RLearner,0.219846321
10,1.5,1,SR,0.229606507
10,1.5,1,DR,0.339487046
10,1.5,1,ACW,0.641584404
10,1.5,1,COKE,0.168439988
10,1.5,1,RLearner,0.26068522
10,1.5,1,SR,0.225164564
10,1.5,1,DR,0.218919417
10,1.5,1,ACW,0.43962585
10,1.5,1,COKE,0.114763757
10,1.5,1,RLearner,0.162275024
10,1.5,1,SR,0.328561795
10,1.5,1,DR,0.178131126
10,1.5,1,ACW,0.249896567
10,1.5,1,COKE,0.125272462
10,1.5,1,RLearner,0.160905652
10,1.5,1,SR,0.225605591
10,1.5,1,DR,0.278837587
10,1.5,1,ACW,1.558495516
10,1.5,1,COKE,0.133458799
10,1.5,1,RLearner,0.297886507
10,1.5,1,SR,0.259078796
10,1.5,1,DR,0.232458669
10,1.5,1,ACW,0.471781998
10,1.5,1,COKE,0.139597112
10,1.5,1,RLearner,0.234320141
10,1.5,1,SR,0.302867344
10,1.5,1,DR,0.20490851
10,1.5,1,ACW,0.196767834
10,1.5,1,COKE,0.142236566
10,1.5,1,RLearner,0.192027727
10,1.5,1,SR,0.298718185
10,1.5,1,DR,0.241728438
10,1.5,1,ACW,0.463991712
10,1.5,1,COKE,0.15979123
10,1.5,1,RLearner,0.220752869
10,1.5,1,SR,0.292417277
10,1.5,1,DR,0.349739509
10,1.5,1,ACW,0.300950327
10,1.5,1,COKE,0.205486742
10,1.5,1,RLearner,0.214149068
10,1.5,1,SR,0.343264842
10,1.5,1,DR,0.178720267
10,1.5,1,ACW,0.222564793
10,1.5,1,COKE,0.162835991
10,1.5,1,RLearner,0.273659152
10,1.5,1,SR,0.228016852
10,1.5,1,DR,0.294272762
10,1.5,1,ACW,0.431264784
10,1.5,1,COKE,0.146404948
10,1.5,1,RLearner,0.241234508
10,1.5,1,SR,0.300784211
10,1.5,1,DR,0.218920173
10,1.5,1,ACW,0.380642793
10,1.5,1,COKE,0.162588721
10,1.5,1,RLearner,0.248006558
10,1.5,1,SR,0.305632168
10,1.5,1,DR,0.183768877
10,1.5,1,ACW,0.201190811
10,1.5,1,COKE,0.150622988
10,1.5,1,RLearner,0.153426905
10,1.5,1,SR,0.199251495
10,1.5,1,DR,0.200100683
10,1.5,1,ACW,1.434748008
10,1.5,1,COKE,0.121337825
10,1.5,1,RLearner,0.2024738
10,1.5,1,SR,0.245509627
10,1.5,1,DR,0.199311069
10,1.5,1,ACW,4.444855182
10,1.5,1,COKE,0.125049211
10,1.5,1,RLearner,0.175715655
10,1.5,1,SR,0.305011194
10,1.5,1,DR,0.282905351
10,1.5,1,ACW,0.339228645
10,1.5,1,COKE,0.133757102
10,1.5,1,RLearner,0.198028512
10,1.5,1,SR,0.307791398
10,1.5,1,DR,0.219533363
10,1.5,1,ACW,0.5021138
10,1.5,1,COKE,0.159527078
10,1.5,1,RLearner,0.187740146
10,1.5,1,SR,0.337441062
10,1.5,1,DR,0.234386333
10,1.5,1,ACW,1.938178035
10,1.5,1,COKE,0.124593771
10,1.5,1,RLearner,0.172170228
10,1.5,1,SR,0.337336447
10,1.5,1,DR,0.318336972
10,1.5,1,ACW,0.377920301
10,1.5,1,COKE,0.115482255
10,1.5,1,RLearner,0.165269544
10,1.5,1,SR,0.31081542
10,1.5,1,DR,0.209356462
10,1.5,1,ACW,7.732636825
10,1.5,1,COKE,0.140643652
10,1.5,1,RLearner,0.181865269
10,1.5,1,SR,0.400337755
10,1.5,1,DR,0.299084591
10,1.5,1,ACW,0.173539567
10,1.5,1,COKE,0.165333658
10,1.5,1,RLearner,0.241094632
10,1.5,1,SR,0.299018723
10,1.5,1,DR,0.428318131
10,1.5,1,ACW,2.38122271
10,1.5,1,COKE,0.204081528
10,1.5,1,RLearner,0.246321077
10,1.5,1,SR,0.356333634
10,1.5,1,DR,0.25659497
10,1.5,1,ACW,0.565177662
10,1.5,1,COKE,0.163666333
10,1.5,1,RLearner,0.295211185
10,1.5,1,SR,0.25283709
10,1.5,1,DR,0.226875208
10,1.5,1,ACW,6.34880761
10,1.5,1,COKE,0.116427276
10,1.5,1,RLearner,0.204578937
10,1.5,1,SR,0.363746434
10,1.5,1,DR,0.190497971
10,1.5,1,ACW,0.264403358
10,1.5,1,COKE,0.149888957
10,1.5,1,RLearner,0.215118165
10,1.5,1,SR,0.406701811
10,1.5,1,DR,0.161509876
10,1.5,1,ACW,0.567253608
10,1.5,1,COKE,0.189620137
10,1.5,1,RLearner,0.194065389
10,1.5,1,SR,0.304248786
10,1.5,1,DR,0.288964366
10,1.5,1,ACW,1.401213897
10,1.5,1,COKE,0.156597254
10,1.5,1,RLearner,0.306828293
10,1.5,1,SR,0.295092668
10,1.5,1,DR,0.264401797
10,1.5,1,ACW,0.724070919
10,1.5,1,COKE,0.162138685
10,1.5,1,RLearner,0.30992307
10,1.5,1,SR,0.390938442
10,1.5,1,DR,0.301484704
10,1.5,1,ACW,0.971785541
10,1.5,1,COKE,0.174989298
10,1.5,1,RLearner,0.249985587
10,1.5,1,SR,0.237635224
10,1.5,1,DR,0.173089232
10,1.5,1,ACW,0.671218768
10,1.5,1,COKE,0.153051967
10,1.5,1,RLearner,0.178780837
10,1.5,1,SR,0.29816132
10,1.5,1,DR,0.140304948
10,1.5,1,ACW,1.525947466
10,1.5,1,COKE,0.133644901
10,1.5,1,RLearner,0.162134997
10,1.5,1,SR,0.255334074
10,1.5,1,DR,0.203762782
10,1.5,1,ACW,0.240737676
10,1.5,1,COKE,0.145475414
10,1.5,1,RLearner,0.177679218
10,1.5,1,SR,0.420063788
10,1.5,1,DR,0.162210508
10,1.5,1,ACW,12.37090239
10,1.5,1,COKE,0.153369673
10,1.5,1,RLearner,0.158010394
10,1.5,1,SR,0.309023226
10,1.5,1,DR,0.225201117
10,1.5,1,ACW,1.009763229
10,1.5,1,COKE,0.149635459
10,1.5,1,RLearner,0.2216573
10,1.5,1,SR,0.361833729
10,1.5,1,DR,0.153945967
10,1.5,1,ACW,0.169694977
10,1.5,1,COKE,0.116034027
10,1.5,1,RLearner,0.169417185
10,1.5,1,SR,0.403979838
10,1.5,1,DR,0.182501973
10,1.5,1,ACW,0.459323856
10,1.5,1,COKE,0.14820951
10,1.5,1,RLearner,0.166757504
10,1.5,1,SR,0.373995709
10,1.5,1,DR,0.210651778
10,1.5,1,ACW,0.221549609
10,1.5,1,COKE,0.137471515
10,1.5,1,RLearner,0.213358505
10,1.5,1,SR,0.320519085
10,1.5,1,DR,0.262684555
10,1.5,1,ACW,1.258652268
10,1.5,1,COKE,0.212356203
10,1.5,1,RLearner,0.173627912
10,1.5,1,SR,0.299343973
10,1.5,1,DR,0.272624096
10,1.5,1,ACW,0.177002937
10,1.5,1,COKE,0.126750216
10,1.5,1,RLearner,0.165421463
10,1.5,1,SR,0.259564348
10,1.5,1,DR,0.269455928
10,1.5,1,ACW,1.080714217
10,1.5,1,COKE,0.133941447
10,1.5,1,RLearner,0.187965316
10,1.5,1,SR,0.384088641
10,1.5,1,DR,0.217878631
10,1.5,1,ACW,0.725314477
10,1.5,1,COKE,0.146364386
10,1.5,1,RLearner,0.167514046
10,1.5,1,SR,0.228450802
10,1.5,1,DR,0.242319426
10,1.5,1,ACW,0.408447637
10,1.5,1,COKE,0.120511586
10,1.5,1,RLearner,0.227482597
10,1.5,1,SR,0.202322689
10,1.5,1,DR,0.262127938
10,1.5,1,ACW,1.910642626
10,1.5,1,COKE,0.140647261
10,1.5,1,RLearner,0.216382301
10,1.5,1,SR,0.525429471
10,1.5,1,DR,0.217383037
10,1.5,1,ACW,0.179994055
10,1.5,1,COKE,0.164560174
10,1.5,1,RLearner,0.235829178
10,1.5,1,SR,0.209891908
10,1.5,1,DR,0.218787913
10,1.5,1,ACW,1.01329884
10,1.5,1,COKE,0.155853778
10,1.5,1,RLearner,0.279112187
10,1.5,1,SR,0.322681448
10,1.5,1,DR,0.258130981
10,1.5,1,ACW,0.3378609
10,1.5,1,COKE,0.157308102
10,1.5,1,RLearner,0.205499197
10,1.5,1,SR,0.241485246
10,1.5,1,DR,0.27656954
10,1.5,1,ACW,1.928050784
10,1.5,1,COKE,0.132137794
10,1.5,1,RLearner,0.193226883
10,1.5,1,SR,0.364978507
10,1.5,1,DR,0.21702502
10,1.5,1,ACW,0.313707383
10,1.5,1,COKE,0.129889777
10,1.5,1,RLearner,0.186833147
10,1.5,1,SR,0.303874976
10,1.5,1,DR,0.27870031
10,1.5,1,ACW,9.75922746
10,1.5,1,COKE,0.16734571
10,1.5,1,RLearner,0.209578945
10,1.5,1,SR,0.176870807
10,1.5,1,DR,0.205039497
10,1.5,1,ACW,0.326586826
10,1.5,1,COKE,0.12748137
10,1.5,1,RLearner,0.207449304
10,1.5,1,SR,0.316841589
10,1.5,1,DR,0.255457928
10,1.5,1,ACW,0.272632658
10,1.5,1,COKE,0.136656434
10,1.5,1,RLearner,0.169904594
10,1.5,1,SR,0.342006524
10,1.5,1,DR,0.187601576
10,1.5,1,ACW,0.395554216
10,1.5,1,COKE,0.145382337
10,1.5,1,RLearner,0.180625104
10,1.5,1,SR,0.335433917
10,1.5,1,DR,0.241077223
10,1.5,1,ACW,10.17497229
10,1.5,1,COKE,0.18337612
10,1.5,1,RLearner,0.12449544
10,1.5,1,SR,0.314077344
10,1.5,1,DR,0.20540682
10,1.5,1,ACW,1.263195027
10,1.5,1,COKE,0.134203881
10,1.5,1,RLearner,0.187871796
10,1.5,1,SR,0.289424764
10,1.5,1,DR,0.259994508
10,1.5,1,ACW,0.213758162
10,1.5,1,COKE,0.120468958
10,1.5,1,RLearner,0.207591438
10,1.5,1,SR,0.209790981
10,1.5,1,DR,0.268699003
10,1.5,1,ACW,5.179969417
10,1.5,1,COKE,0.141937679
10,1.5,1,RLearner,0.17445165
10,1.5,1,SR,0.397187243
10,1.5,1,DR,0.189738229
10,1.5,1,ACW,0.227985245
10,1.5,1,COKE,0.134654045
10,1.5,1,RLearner,0.197181355
10,1.5,1,SR,0.279743928
10,1.5,1,DR,0.227522959
10,1.5,1,ACW,0.504309811
10,1.5,1,COKE,0.130020771
10,1.5,1,RLearner,0.214584324
10,1.5,1,SR,0.368712321
10,1.5,1,DR,0.284641173
10,1.5,1,ACW,10.55632013
10,1.5,1,COKE,0.187784452
10,1.5,1,RLearner,0.319432127
10,1.5,1,SR,0.341281714
10,1.5,1,DR,0.182975801
10,1.5,1,ACW,0.410317759
10,1.5,1,COKE,0.136327035
10,1.5,1,RLearner,0.178374699
10,1.5,1,SR,0.310373621
10,1.5,1,DR,0.151098848
10,1.5,1,ACW,0.346153393
10,1.5,1,COKE,0.131721268
10,1.5,1,RLearner,0.134783327
10,1.5,1,SR,0.277912908
10,1.5,1,DR,0.174921076
10,1.5,1,ACW,0.584808492
10,1.5,1,COKE,0.157247188
10,1.5,1,RLearner,0.179154699
10,1.5,1,SR,0.280106623
10,1.5,1,DR,0.188848704
10,1.5,1,ACW,1.296227059
10,1.5,1,COKE,0.140772233
10,1.5,1,RLearner,0.141198615
10,1.5,1,SR,0.397124124
10,1.5,1,DR,0.206033607
10,1.5,1,ACW,0.78362336
10,1.5,1,COKE,0.160640968
10,1.5,1,RLearner,0.225434339
10,1.5,1,SR,0.222061271
10,1.5,1,DR,0.182317097
10,1.5,1,ACW,0.636772844
10,1.5,1,COKE,0.127841197
10,1.5,1,RLearner,0.159538382
10,1.5,1,SR,0.230933402
10,1.5,1,DR,0.163406318
10,1.5,1,ACW,0.256989426
10,1.5,1,COKE,0.099857739
10,1.5,1,RLearner,0.177583003
10,1.5,1,SR,0.308104757
10,1.5,1,DR,0.245061341
10,1.5,1,ACW,12.08818779
10,1.5,1,COKE,0.164529826
10,1.5,1,RLearner,0.29436167
10,1.5,1,SR,0.178206023
10,1.5,1,DR,0.339904087
10,1.5,1,ACW,0.657583679
10,1.5,1,COKE,0.131939767
10,1.5,1,RLearner,0.237684556
10,1.5,1,SR,0.333756789
10,1.5,1,DR,0.16612389
10,1.5,1,ACW,0.689784559
10,1.5,1,COKE,0.15175839
10,1.5,1,RLearner,0.216361466
10,1.5,1,SR,0.29036935
10,1.5,1,DR,0.232711548
10,1.5,1,ACW,0.326513932
10,1.5,1,COKE,0.165094621
10,1.5,1,RLearner,0.252365118
10,1.5,1,SR,0.332984531
10,1.5,1,DR,0.152152905
10,1.5,1,ACW,0.251933029
10,1.5,1,COKE,0.138550997
10,1.5,1,RLearner,0.227088415
10,1.5,1,SR,0.196558925
10,1.5,1,DR,0.186819761
10,1.5,1,ACW,0.199376855
10,1.5,1,COKE,0.151164511
10,1.5,1,RLearner,0.187552924
10,1.5,1,SR,0.365030397
10,1.5,1,DR,0.184750988
10,1.5,1,ACW,0.924228408
10,1.5,1,COKE,0.164173045
10,1.5,1,RLearner,0.184493811
10,1.5,1,SR,0.378679538
10,1.5,1,DR,0.264337033
10,1.5,1,ACW,0.306367288
10,1.5,1,COKE,0.163409839
10,1.5,1,RLearner,0.183542101
10,1.5,1,SR,0.235746561
10,1.5,1,DR,0.211870275
10,1.5,1,ACW,0.513780471
10,1.5,1,COKE,0.130640153
10,1.5,1,RLearner,0.169089637
10,1.5,1,SR,0.256978187
10,1.5,1,DR,0.267556872
10,1.5,1,ACW,0.392546688
10,1.5,1,COKE,0.140904227
10,1.5,1,RLearner,0.259997067
10,1.5,1,SR,0.379694721
10,1.5,1,DR,0.234833333
10,1.5,1,ACW,0.389193453
10,1.5,1,COKE,0.164523066
10,1.5,1,RLearner,0.181936587
10,1.5,1,SR,0.393426992
10,1.5,1,DR,0.206932256
10,1.5,1,ACW,0.191020564
10,1.5,1,COKE,0.179182364
10,1.5,1,RLearner,0.192563323
10,1.5,1,SR,0.257415962
10,1.5,1,DR,0.216560186
10,1.5,1,ACW,0.171954936
10,1.5,1,COKE,0.12388953
10,1.5,1,RLearner,0.17782835
10,2,1,SR,0.320264243
10,2,1,DR,0.315442365
10,2,1,ACW,10.78379269
10,2,1,COKE,0.161880264
10,2,1,RLearner,0.192156652
10,2,1,SR,0.387984761
10,2,1,DR,0.244805841
10,2,1,ACW,1.715205315
10,2,1,COKE,0.21167777
10,2,1,RLearner,0.205912235
10,2,1,SR,0.438226668
10,2,1,DR,0.332731247
10,2,1,ACW,1.431022649
10,2,1,COKE,0.172884965
10,2,1,RLearner,0.175572691
10,2,1,SR,0.356613042
10,2,1,DR,0.234475914
10,2,1,ACW,0.277748735
10,2,1,COKE,0.150995758
10,2,1,RLearner,0.193100505
10,2,1,SR,0.258814753
10,2,1,DR,0.184108837
10,2,1,ACW,0.799921998
10,2,1,COKE,0.156834845
10,2,1,RLearner,0.194449021
10,2,1,SR,0.313843816
10,2,1,DR,0.366777286
10,2,1,ACW,118.2376206
10,2,1,COKE,0.135663511
10,2,1,RLearner,0.20172956
10,2,1,SR,0.448981064
10,2,1,DR,0.226258043
10,2,1,ACW,1.158876274
10,2,1,COKE,0.24712607
10,2,1,RLearner,0.20321862
10,2,1,SR,0.394592844
10,2,1,DR,0.259984258
10,2,1,ACW,2.855377284
10,2,1,COKE,0.162202716
10,2,1,RLearner,0.196437713
10,2,1,SR,0.301594618
10,2,1,DR,0.261996411
10,2,1,ACW,0.608142533
10,2,1,COKE,0.156012184
10,2,1,RLearner,0.250655127
10,2,1,SR,0.38486333
10,2,1,DR,0.344572747
10,2,1,ACW,0.420532815
10,2,1,COKE,0.196026867
10,2,1,RLearner,0.218025687
10,2,1,SR,0.499144767
10,2,1,DR,0.19812969
10,2,1,ACW,0.743901907
10,2,1,COKE,0.128092732
10,2,1,RLearner,0.1717514
10,2,1,SR,0.217873933
10,2,1,DR,0.397419626
10,2,1,ACW,0.812716541
10,2,1,COKE,0.195168648
10,2,1,RLearner,0.273628997
10,2,1,SR,0.272049986
10,2,1,DR,0.349629568
10,2,1,ACW,0.767666877
10,2,1,COKE,0.140226954
10,2,1,RLearner,0.239023399
10,2,1,SR,0.310944527
10,2,1,DR,0.17979618
10,2,1,ACW,30.79190041
10,2,1,COKE,0.15156834
10,2,1,RLearner,0.211108566
10,2,1,SR,0.384394049
10,2,1,DR,0.266716915
10,2,1,ACW,0.336834185
10,2,1,COKE,0.176247003
10,2,1,RLearner,0.160274799
10,2,1,SR,0.255413736
10,2,1,DR,0.316501528
10,2,1,ACW,0.508977893
10,2,1,COKE,0.152320919
10,2,1,RLearner,0.228538722
10,2,1,SR,0.483764498
10,2,1,DR,0.286277688
10,2,1,ACW,1.030156161
10,2,1,COKE,0.180720033
10,2,1,RLearner,0.229638648
10,2,1,SR,0.319613221
10,2,1,DR,0.210795813
10,2,1,ACW,3.542906457
10,2,1,COKE,0.188133558
10,2,1,RLearner,0.197135537
10,2,1,SR,0.270810266
10,2,1,DR,0.262971481
10,2,1,ACW,1.38756646
10,2,1,COKE,0.149623494
10,2,1,RLearner,0.26604569
10,2,1,SR,0.367892911
10,2,1,DR,0.307998411
10,2,1,ACW,11.49747146
10,2,1,COKE,0.204515587
10,2,1,RLearner,0.185203589
10,2,1,SR,0.43886534
10,2,1,DR,0.35589712
10,2,1,ACW,0.300437403
10,2,1,COKE,0.17588565
10,2,1,RLearner,0.226910707
10,2,1,SR,0.245150734
10,2,1,DR,0.324962385
10,2,1,ACW,0.35022737
10,2,1,COKE,0.213101772
10,2,1,RLearner,0.305108648
10,2,1,SR,0.304691767
10,2,1,DR,0.249749934
10,2,1,ACW,0.352277645
10,2,1,COKE,0.157922197
10,2,1,RLearner,0.158653986
10,2,1,SR,0.277873257
10,2,1,DR,0.232972645
10,2,1,ACW,0.207953184
10,2,1,COKE,0.145288923
10,2,1,RLearner,0.159331146
10,2,1,SR,0.627950317
10,2,1,DR,0.234218044
10,2,1,ACW,0.717329103
10,2,1,COKE,0.264429229
10,2,1,RLearner,0.157878026
10,2,1,SR,0.366531084
10,2,1,DR,0.294403733
10,2,1,ACW,0.363563407
10,2,1,COKE,0.170848654
10,2,1,RLearner,0.220527665
10,2,1,SR,0.372201056
10,2,1,DR,0.250292023
10,2,1,ACW,0.470118698
10,2,1,COKE,0.163110188
10,2,1,RLearner,0.160241705
10,2,1,SR,0.401728469
10,2,1,DR,0.265762171
10,2,1,ACW,0.383766524
10,2,1,COKE,0.161854668
10,2,1,RLearner,0.225439442
10,2,1,SR,0.327359645
10,2,1,DR,0.278632251
10,2,1,ACW,0.563828692
10,2,1,COKE,0.209042994
10,2,1,RLearner,0.210980046
10,2,1,SR,0.360434498
10,2,1,DR,0.186627249
10,2,1,ACW,0.267855651
10,2,1,COKE,0.139153927
10,2,1,RLearner,0.186955556
10,2,1,SR,0.322097954
10,2,1,DR,0.183999448
10,2,1,ACW,0.27426672
10,2,1,COKE,0.170562495
10,2,1,RLearner,0.154237222
10,2,1,SR,0.355592236
10,2,1,DR,0.195265673
10,2,1,ACW,1.882235674
10,2,1,COKE,0.155824214
10,2,1,RLearner,0.252518489
10,2,1,SR,0.47537826
10,2,1,DR,0.369709966
10,2,1,ACW,0.522550836
10,2,1,COKE,0.200832053
10,2,1,RLearner,0.244092916
10,2,1,SR,0.225161799
10,2,1,DR,0.251955057
10,2,1,ACW,0.496930847
10,2,1,COKE,0.115608881
10,2,1,RLearner,0.230442281
10,2,1,SR,0.439160781
10,2,1,DR,0.202807776
10,2,1,ACW,0.979250734
10,2,1,COKE,0.252061795
10,2,1,RLearner,0.171807566
10,2,1,SR,0.212649172
10,2,1,DR,0.266060883
10,2,1,ACW,2.091081422
10,2,1,COKE,0.130888161
10,2,1,RLearner,0.238974955
10,2,1,SR,0.301462239
10,2,1,DR,0.419484169
10,2,1,ACW,25.94613043
10,2,1,COKE,0.138542443
10,2,1,RLearner,0.228576057
10,2,1,SR,0.476252987
10,2,1,DR,0.257898076
10,2,1,ACW,0.305458258
10,2,1,COKE,0.165472681
10,2,1,RLearner,0.174124669
10,2,1,SR,0.459362305
10,2,1,DR,0.20353792
10,2,1,ACW,64.16706671
10,2,1,COKE,0.168822326
10,2,1,RLearner,0.206933062
10,2,1,SR,0.526746177
10,2,1,DR,0.231130453
10,2,1,ACW,0.421992893
10,2,1,COKE,0.157826202
10,2,1,RLearner,0.178501091
10,2,1,SR,0.632304367
10,2,1,DR,0.315629144
10,2,1,ACW,0.414693298
10,2,1,COKE,0.149917096
10,2,1,RLearner,0.187631999
10,2,1,SR,0.463679135
10,2,1,DR,0.164205561
10,2,1,ACW,0.234162331
10,2,1,COKE,0.171798172
10,2,1,RLearner,0.214472571
10,2,1,SR,0.395575035
10,2,1,DR,0.342636986
10,2,1,ACW,0.386475377
10,2,1,COKE,0.22140864
10,2,1,RLearner,0.173859308
10,2,1,SR,0.425827897
10,2,1,DR,0.251065755
10,2,1,ACW,0.210140933
10,2,1,COKE,0.216986955
10,2,1,RLearner,0.197151707
10,2,1,SR,0.356057252
10,2,1,DR,0.232507057
10,2,1,ACW,0.381633872
10,2,1,COKE,0.16764357
10,2,1,RLearner,0.178594999
10,2,1,SR,0.295322149
10,2,1,DR,0.210176714
10,2,1,ACW,0.321767186
10,2,1,COKE,0.155527727
10,2,1,RLearner,0.229669105
10,2,1,SR,0.323898712
10,2,1,DR,0.236039717
10,2,1,ACW,0.335819647
10,2,1,COKE,0.175311284
10,2,1,RLearner,0.204076803
10,2,1,SR,0.254446789
10,2,1,DR,0.284078416
10,2,1,ACW,1.316686714
10,2,1,COKE,0.134730163
10,2,1,RLearner,0.248698084
10,2,1,SR,0.355169685
10,2,1,DR,0.352440575
10,2,1,ACW,0.331484684
10,2,1,COKE,0.130897626
10,2,1,RLearner,0.18736248
10,2,1,SR,0.427605864
10,2,1,DR,0.187522855
10,2,1,ACW,0.496410083
10,2,1,COKE,0.173475393
10,2,1,RLearner,0.236014977
10,2,1,SR,0.316039
10,2,1,DR,0.170650224
10,2,1,ACW,0.216129863
10,2,1,COKE,0.154724635
10,2,1,RLearner,0.172953201
10,2,1,SR,0.234979255
10,2,1,DR,0.38655078
10,2,1,ACW,0.491633843
10,2,1,COKE,0.172100706
10,2,1,RLearner,0.267454276
10,2,1,SR,0.32561057
10,2,1,DR,0.29041289
10,2,1,ACW,0.389270637
10,2,1,COKE,0.174485431
10,2,1,RLearner,0.232352667
10,2,1,SR,0.23583487
10,2,1,DR,0.228631141
10,2,1,ACW,1.125999148
10,2,1,COKE,0.141558364
10,2,1,RLearner,0.17681533
10,2,1,SR,0.33794093
10,2,1,DR,0.428387949
10,2,1,ACW,0.48199923
10,2,1,COKE,0.179940609
10,2,1,RLearner,0.177624061
10,2,1,SR,0.36645385
10,2,1,DR,0.193164206
10,2,1,ACW,0.176693846
10,2,1,COKE,0.1817289
10,2,1,RLearner,0.194891364
10,2,1,SR,0.470513595
10,2,1,DR,0.398873936
10,2,1,ACW,3.512813821
10,2,1,COKE,0.183454445
10,2,1,RLearner,0.301217199
10,2,1,SR,0.438348444
10,2,1,DR,0.237032282
10,2,1,ACW,0.325643844
10,2,1,COKE,0.167455438
10,2,1,RLearner,0.18930084
10,2,1,SR,0.414730081
10,2,1,DR,0.22570604
10,2,1,ACW,0.333050304
10,2,1,COKE,0.121705456
10,2,1,RLearner,0.164751117
10,2,1,SR,0.359398961
10,2,1,DR,0.292310924
10,2,1,ACW,9.235423804
10,2,1,COKE,0.164516169
10,2,1,RLearner,0.276972675
10,2,1,SR,0.467183752
10,2,1,DR,0.267185498
10,2,1,ACW,0.379359746
10,2,1,COKE,0.146885729
10,2,1,RLearner,0.184081128
10,2,1,SR,0.440755253
10,2,1,DR,0.249001164
10,2,1,ACW,0.951115512
10,2,1,COKE,0.204383476
10,2,1,RLearner,0.21165091
10,2,1,SR,0.346266062
10,2,1,DR,0.156130088
10,2,1,ACW,0.765616454
10,2,1,COKE,0.153695825
10,2,1,RLearner,0.215340917
10,2,1,SR,0.233176481
10,2,1,DR,0.294881939
10,2,1,ACW,1.197983386
10,2,1,COKE,0.143066733
10,2,1,RLearner,0.165467321
10,2,1,SR,0.486174883
10,2,1,DR,0.182671547
10,2,1,ACW,2.871075887
10,2,1,COKE,0.198345704
10,2,1,RLearner,0.205924429
10,2,1,SR,0.319128434
10,2,1,DR,0.413510926
10,2,1,ACW,0.402782435
10,2,1,COKE,0.157941309
10,2,1,RLearner,0.225219565
10,2,1,SR,0.458358011
10,2,1,DR,0.35427994
10,2,1,ACW,0.60626754
10,2,1,COKE,0.142846615
10,2,1,RLearner,0.180399058
10,2,1,SR,0.297538755
10,2,1,DR,0.284045004
10,2,1,ACW,0.351149094
10,2,1,COKE,0.147968723
10,2,1,RLearner,0.251702862
10,2,1,SR,0.357131944
10,2,1,DR,0.241231919
10,2,1,ACW,0.686188992
10,2,1,COKE,0.132340988
10,2,1,RLearner,0.238275819
10,2,1,SR,0.453185868
10,2,1,DR,0.322090288
10,2,1,ACW,0.461762873
10,2,1,COKE,0.172144027
10,2,1,RLearner,0.175650164
10,2,1,SR,0.546479208
10,2,1,DR,0.216629746
10,2,1,ACW,0.254771999
10,2,1,COKE,0.170613922
10,2,1,RLearner,0.175898955
10,2,1,SR,0.471170368
10,2,1,DR,0.281648793
10,2,1,ACW,0.294272389
10,2,1,COKE,0.228780862
10,2,1,RLearner,0.246962865
10,2,1,SR,0.438132494
10,2,1,DR,0.180663945
10,2,1,ACW,18.33756239
10,2,1,COKE,0.19042614
10,2,1,RLearner,0.195683361
10,2,1,SR,0.258834082
10,2,1,DR,0.252194683
10,2,1,ACW,0.423023545
10,2,1,COKE,0.150585507
10,2,1,RLearner,0.221862357
10,2,1,SR,0.464085832
10,2,1,DR,0.175920456
10,2,1,ACW,17.93747686
10,2,1,COKE,0.147235602
10,2,1,RLearner,0.174071445
10,2,1,SR,0.338766461
10,2,1,DR,0.280675656
10,2,1,ACW,0.790462547
10,2,1,COKE,0.183591373
10,2,1,RLearner,0.233108227
10,2,1,SR,0.365403826
10,2,1,DR,0.275394628
10,2,1,ACW,0.958571357
10,2,1,COKE,0.154751071
10,2,1,RLearner,0.205674555
10,2,1,SR,0.405400351
10,2,1,DR,0.234284143
10,2,1,ACW,0.214710102
10,2,1,COKE,0.177406393
10,2,1,RLearner,0.128798284
10,2,1,SR,0.427059492
10,2,1,DR,0.194395621
10,2,1,ACW,7.680807224
10,2,1,COKE,0.191684938
10,2,1,RLearner,0.224831843
10,2,1,SR,0.467337244
10,2,1,DR,0.228937602
10,2,1,ACW,0.681445041
10,2,1,COKE,0.204028047
10,2,1,RLearner,0.198107835
10,2,1,SR,0.385156016
10,2,1,DR,0.216498801
10,2,1,ACW,1.241941055
10,2,1,COKE,0.161528698
10,2,1,RLearner,0.218041405
10,2,1,SR,0.378976022
10,2,1,DR,0.403276668
10,2,1,ACW,7.342787441
10,2,1,COKE,0.129240561
10,2,1,RLearner,0.206857277
10,2,1,SR,0.337703112
10,2,1,DR,0.218206038
10,2,1,ACW,0.458232823
10,2,1,COKE,0.18520411
10,2,1,RLearner,0.209890508
10,2,1,SR,0.659021682
10,2,1,DR,0.283405427
10,2,1,ACW,0.474666839
10,2,1,COKE,0.20428895
10,2,1,RLearner,0.137124856
10,2,1,SR,0.464035103
10,2,1,DR,0.191459629
10,2,1,ACW,0.360064347
10,2,1,COKE,0.194792853
10,2,1,RLearner,0.164247524
10,2,1,SR,0.332073983
10,2,1,DR,0.280532075
10,2,1,ACW,0.40200384
10,2,1,COKE,0.156027987
10,2,1,RLearner,0.196920811
10,2,1,SR,0.413372527
10,2,1,DR,0.31700837
10,2,1,ACW,0.516438594
10,2,1,COKE,0.155392542
10,2,1,RLearner,0.214516176
10,2,1,SR,0.391794881
10,2,1,DR,0.265430415
10,2,1,ACW,0.377898781
10,2,1,COKE,0.182975405
10,2,1,RLearner,0.175725028
10,2,1,SR,0.326198966
10,2,1,DR,0.378070904
10,2,1,ACW,0.485606749
10,2,1,COKE,0.19553072
10,2,1,RLearner,0.222737331
10,2,1,SR,0.455174026
10,2,1,DR,0.193780368
10,2,1,ACW,0.209705648
10,2,1,COKE,0.199174484
10,2,1,RLearner,0.225225386
10,2,1,SR,0.363704274
10,2,1,DR,0.254304426
10,2,1,ACW,0.228472944
10,2,1,COKE,0.164497234
10,2,1,RLearner,0.273776355
10,2,1,SR,0.354572187
10,2,1,DR,0.1999097
10,2,1,ACW,5.922955447
10,2,1,COKE,0.130823005
10,2,1,RLearner,0.242833156
10,2,1,SR,0.351854007
10,2,1,DR,0.178120452
10,2,1,ACW,0.294639677
10,2,1,COKE,0.169313622
10,2,1,RLearner,0.138572681
10,2,1,SR,0.366551675
10,2,1,DR,0.26191709
10,2,1,ACW,0.26298367
10,2,1,COKE,0.160819428
10,2,1,RLearner,0.197211055
10,2,1,SR,0.432878211
10,2,1,DR,0.314493759
10,2,1,ACW,0.429618925
10,2,1,COKE,0.146763711
10,2,1,RLearner,0.224799192
10,2,1,SR,0.331355677
10,2,1,DR,0.186521435
10,2,1,ACW,4.699389538
10,2,1,COKE,0.154390553
10,2,1,RLearner,0.164537098
10,2,1,SR,0.503631769
10,2,1,DR,0.260809464
10,2,1,ACW,0.249073341
10,2,1,COKE,0.189551687
10,2,1,RLearner,0.214135033
10,2,1,SR,0.457052755
10,2,1,DR,0.349046541
10,2,1,ACW,0.44053936
10,2,1,COKE,0.167304549
10,2,1,RLearner,0.203203123
10,2,1,SR,0.30082651
10,2,1,DR,0.352980224
10,2,1,ACW,0.601754331
10,2,1,COKE,0.135210456
10,2,1,RLearner,0.180044621
10,2,1,SR,0.349174627
10,2,1,DR,0.278120649
10,2,1,ACW,0.310513369
10,2,1,COKE,0.189275922
10,2,1,RLearner,0.187890424
