B,R,c,method,risk
1,2,1,SR,0.239680395
1,2,1,DR,0.164430889
1,2,1,ACW,0.196504355
1,2,1,COKE,0.110749628
1,2,1,SR,0.283653085
1,2,1,DR,0.148207368
1,2,1,ACW,0.170804548
1,2,1,COKE,0.111026727
1,2,1,SR,0.287535367
1,2,1,DR,0.188515956
1,2,1,ACW,0.171337992
1,2,1,COKE,0.162321608
1,2,1,SR,0.185069895
1,2,1,DR,0.150543751
1,2,1,ACW,0.178962042
1,2,1,COKE,0.117292077
1,2,1,SR,0.230023237
1,2,1,DR,0.160738131
1,2,1,ACW,0.180897595
1,2,1,COKE,0.111980251
1,2,1,SR,0.233674878
1,2,1,DR,0.166303103
1,2,1,ACW,0.211188393
1,2,1,COKE,0.109812372
1,2,1,SR,0.236807583
1,2,1,DR,0.146373237
1,2,1,ACW,0.181018797
1,2,1,COKE,0.127334787
1,2,1,SR,0.289822491
1,2,1,DR,0.139099928
1,2,1,ACW,0.181300493
1,2,1,COKE,0.118715701
1,2,1,SR,0.247418521
1,2,1,DR,0.123492878
1,2,1,ACW,0.169452004
1,2,1,COKE,0.107362136
1,2,1,SR,0.207608487
1,2,1,DR,0.200555845
1,2,1,ACW,0.261072405
1,2,1,COKE,0.128645136
1,2,1,SR,0.247427247
1,2,1,DR,0.098634792
1,2,1,ACW,0.149686521
1,2,1,COKE,0.113338765
1,2,1,SR,0.290644188
1,2,1,DR,0.128306073
1,2,1,ACW,0.186124758
1,2,1,COKE,0.12778975
1,2,1,SR,0.216578432
1,2,1,DR,0.148658457
1,2,1,ACW,0.17195442
1,2,1,COKE,0.115301519
1,2,1,SR,0.331991869
1,2,1,DR,0.14013807
1,2,1,ACW,0.217875215
1,2,1,COKE,0.177092877
1,2,1,SR,0.255488277
1,2,1,DR,0.120702525
1,2,1,ACW,0.135763135
1,2,1,COKE,0.112921502
1,2,1,SR,0.225673155
1,2,1,DR,0.103324907
1,2,1,ACW,0.18051185
1,2,1,COKE,0.097509983
1,2,1,SR,0.215731863
1,2,1,DR,0.118600338
1,2,1,ACW,0.183786199
1,2,1,COKE,0.114063177
1,2,1,SR,0.323222119
1,2,1,DR,0.138097735
1,2,1,ACW,0.176917385
1,2,1,COKE,0.126822292
1,2,1,SR,0.225104341
1,2,1,DR,0.131272858
1,2,1,ACW,0.186109102
1,2,1,COKE,0.107477612
1,2,1,SR,0.246366588
1,2,1,DR,0.126125326
1,2,1,ACW,0.19189896
1,2,1,COKE,0.13217483
1,2,1,SR,0.263206384
1,2,1,DR,0.144504734
1,2,1,ACW,0.168974733
1,2,1,COKE,0.11428827
1,2,1,SR,0.248929116
1,2,1,DR,0.149141545
1,2,1,ACW,0.193096437
1,2,1,COKE,0.113655807
1,2,1,SR,0.321620284
1,2,1,DR,0.166520463
1,2,1,ACW,0.164261045
1,2,1,COKE,0.138523177
1,2,1,SR,0.232123981
1,2,1,DR,0.162004335
1,2,1,ACW,0.180695858
1,2,1,COKE,0.113332308
1,2,1,SR,0.242158244
1,2,1,DR,0.141592411
1,2,1,ACW,0.15526547
1,2,1,COKE,0.120198959
1,2,1,SR,0.295219832
1,2,1,DR,0.169282824
1,2,1,ACW,0.181717337
1,2,1,COKE,0.153029417
1,2,1,SR,0.258743627
1,2,1,DR,0.179024752
1,2,1,ACW,0.200941186
1,2,1,COKE,0.114769212
1,2,1,SR,0.268763943
1,2,1,DR,0.178804829
1,2,1,ACW,0.512692949
1,2,1,COKE,0.117481023
1,2,1,SR,0.193357344
1,2,1,DR,0.123081977
1,2,1,ACW,0.156814947
1,2,1,COKE,0.112771747
1,2,1,SR,0.329063075
1,2,1,DR,0.12337995
1,2,1,ACW,0.149147443
1,2,1,COKE,0.165844939
1,2,1,SR,0.211663541
1,2,1,DR,0.154491465
1,2,1,ACW,0.164958896
1,2,1,COKE,0.103759839
1,2,1,SR,0.24783639
1,2,1,DR,0.140314254
1,2,1,ACW,0.183773538
1,2,1,COKE,0.103148961
1,2,1,SR,0.310700855
1,2,1,DR,0.15138701
1,2,1,ACW,0.221835116
1,2,1,COKE,0.131468664
1,2,1,SR,0.239279299
1,2,1,DR,0.14700551
1,2,1,ACW,0.145816353
1,2,1,COKE,0.114698458
1,2,1,SR,0.316159783
1,2,1,DR,0.131269236
1,2,1,ACW,0.158376056
1,2,1,COKE,0.125779819
1,2,1,SR,0.25098713
1,2,1,DR,0.1620436
1,2,1,ACW,0.142502316
1,2,1,COKE,0.101946861
1,2,1,SR,0.267355672
1,2,1,DR,0.135800582
1,2,1,ACW,0.20062511
1,2,1,COKE,0.115138596
1,2,1,SR,0.218933917
1,2,1,DR,0.155864734
1,2,1,ACW,0.14708855
1,2,1,COKE,0.112245455
1,2,1,SR,0.223369077
1,2,1,DR,0.165112981
1,2,1,ACW,0.147713309
1,2,1,COKE,0.108691496
1,2,1,SR,0.287977031
1,2,1,DR,0.150778242
1,2,1,ACW,0.130442759
1,2,1,COKE,0.111161705
1,2,1,SR,0.249640722
1,2,1,DR,0.122958821
1,2,1,ACW,0.154172478
1,2,1,COKE,0.121174334
1,2,1,SR,0.250269766
1,2,1,DR,0.128338044
1,2,1,ACW,0.158937348
1,2,1,COKE,0.130380262
1,2,1,SR,0.199151459
1,2,1,DR,0.113573675
1,2,1,ACW,0.18869424
1,2,1,COKE,0.101223735
1,2,1,SR,0.228869816
1,2,1,DR,0.151678756
1,2,1,ACW,0.19047923
1,2,1,COKE,0.114673971
1,2,1,SR,0.224489186
1,2,1,DR,0.164945536
1,2,1,ACW,0.137369508
1,2,1,COKE,0.123231945
1,2,1,SR,0.201690737
1,2,1,DR,0.168022943
1,2,1,ACW,0.199854514
1,2,1,COKE,0.118442519
1,2,1,SR,0.258346258
1,2,1,DR,0.131089125
1,2,1,ACW,0.166016273
1,2,1,COKE,0.107863322
1,2,1,SR,0.299993607
1,2,1,DR,0.169381111
1,2,1,ACW,0.191633042
1,2,1,COKE,0.146937767
1,2,1,SR,0.274146957
1,2,1,DR,0.130408067
1,2,1,ACW,0.14272071
1,2,1,COKE,0.13899695
1,2,1,SR,0.277536116
1,2,1,DR,0.159198716
1,2,1,ACW,0.150296362
1,2,1,COKE,0.127807197
1,2,1,SR,0.260781935
1,2,1,DR,0.120932213
1,2,1,ACW,0.157864148
1,2,1,COKE,0.110024597
1,2,1,SR,0.221860604
1,2,1,DR,0.152470405
1,2,1,ACW,0.174375599
1,2,1,COKE,0.139055541
1,2,1,SR,0.225311856
1,2,1,DR,0.128718662
1,2,1,ACW,0.137988231
1,2,1,COKE,0.10272933
1,2,1,SR,0.213493168
1,2,1,DR,0.124573473
1,2,1,ACW,0.142302305
1,2,1,COKE,0.097065505
1,2,1,SR,0.361839252
1,2,1,DR,0.166060439
1,2,1,ACW,0.17570965
1,2,1,COKE,0.12750787
1,2,1,SR,0.237358574
1,2,1,DR,0.136911632
1,2,1,ACW,0.163703368
1,2,1,COKE,0.119452611
1,2,1,SR,0.310048603
1,2,1,DR,0.117944459
1,2,1,ACW,0.149608933
1,2,1,COKE,0.125451626
1,2,1,SR,0.300981564
1,2,1,DR,0.142482346
1,2,1,ACW,0.137927295
1,2,1,COKE,0.119211255
1,2,1,SR,0.261010275
1,2,1,DR,0.128138964
1,2,1,ACW,0.134337725
1,2,1,COKE,0.12874536
1,2,1,SR,0.259960738
1,2,1,DR,0.149830648
1,2,1,ACW,0.155507941
1,2,1,COKE,0.109252361
1,2,1,SR,0.278416826
1,2,1,DR,0.117735038
1,2,1,ACW,0.180208804
1,2,1,COKE,0.11425501
1,2,1,SR,0.323120222
1,2,1,DR,0.142546142
1,2,1,ACW,0.172704175
1,2,1,COKE,0.117099556
1,2,1,SR,0.219765369
1,2,1,DR,0.16005908
1,2,1,ACW,0.172879601
1,2,1,COKE,0.10180138
1,2,1,SR,0.266508265
1,2,1,DR,0.1354581
1,2,1,ACW,0.148648177
1,2,1,COKE,0.104346462
1,2,1,SR,0.22851346
1,2,1,DR,0.141983115
1,2,1,ACW,0.152581123
1,2,1,COKE,0.112675352
1,2,1,SR,0.238040374
1,2,1,DR,0.158330542
1,2,1,ACW,0.170813065
1,2,1,COKE,0.114414421
1,2,1,SR,0.243318759
1,2,1,DR,0.166031533
1,2,1,ACW,0.177980628
1,2,1,COKE,0.129332196
1,2,1,SR,0.228839825
1,2,1,DR,0.125979099
1,2,1,ACW,0.183099177
1,2,1,COKE,0.113865715
1,2,1,SR,0.251305798
1,2,1,DR,0.127467524
1,2,1,ACW,0.184256173
1,2,1,COKE,0.135858712
1,2,1,SR,0.286398289
1,2,1,DR,0.161039898
1,2,1,ACW,0.175427821
1,2,1,COKE,0.128819873
1,2,1,SR,0.262640271
1,2,1,DR,0.198556962
1,2,1,ACW,0.280643737
1,2,1,COKE,0.122108808
1,2,1,SR,0.250688161
1,2,1,DR,0.155330213
1,2,1,ACW,0.159101005
1,2,1,COKE,0.130657996
1,2,1,SR,0.347154016
1,2,1,DR,0.154095142
1,2,1,ACW,0.159815949
1,2,1,COKE,0.131583012
1,2,1,SR,0.288874452
1,2,1,DR,0.163378254
1,2,1,ACW,0.158444167
1,2,1,COKE,0.143872558
1,2,1,SR,0.278121982
1,2,1,DR,0.167921819
1,2,1,ACW,0.165327329
1,2,1,COKE,0.114780236
1,2,1,SR,0.237129683
1,2,1,DR,0.15517757
1,2,1,ACW,0.197273963
1,2,1,COKE,0.111788029
1,2,1,SR,0.282261514
1,2,1,DR,0.131212429
1,2,1,ACW,0.104822728
1,2,1,COKE,0.123838426
1,2,1,SR,0.272957839
1,2,1,DR,0.166993612
1,2,1,ACW,0.209343077
1,2,1,COKE,0.116691153
1,2,1,SR,0.241942989
1,2,1,DR,0.133299653
1,2,1,ACW,0.161316885
1,2,1,COKE,0.121934209
1,2,1,SR,0.285013574
1,2,1,DR,0.210298426
1,2,1,ACW,0.20810075
1,2,1,COKE,0.111893095
1,2,1,SR,0.262917955
1,2,1,DR,0.203121927
1,2,1,ACW,0.191218385
1,2,1,COKE,0.107367637
1,2,1,SR,0.258532427
1,2,1,DR,0.118611036
1,2,1,ACW,0.157337904
1,2,1,COKE,0.118669951
1,2,1,SR,0.268215307
1,2,1,DR,0.161719292
1,2,1,ACW,0.150700973
1,2,1,COKE,0.128912533
1,2,1,SR,0.254652016
1,2,1,DR,0.136773179
1,2,1,ACW,0.149894455
1,2,1,COKE,0.138997871
1,2,1,SR,0.187441471
1,2,1,DR,0.151644045
1,2,1,ACW,0.268770648
1,2,1,COKE,0.115475402
1,2,1,SR,0.304410485
1,2,1,DR,0.166771996
1,2,1,ACW,0.138929548
1,2,1,COKE,0.112670284
1,2,1,SR,0.303683358
1,2,1,DR,0.152509374
1,2,1,ACW,0.186034374
1,2,1,COKE,0.128164557
1,2,1,SR,0.273166498
1,2,1,DR,0.133204332
1,2,1,ACW,0.154449822
1,2,1,COKE,0.128005657
1,2,1,SR,0.370733817
1,2,1,DR,0.152230938
1,2,1,ACW,0.147467849
1,2,1,COKE,0.129683648
1,2,1,SR,0.228028026
1,2,1,DR,0.141025856
1,2,1,ACW,0.181194722
1,2,1,COKE,0.111816368
1,2,1,SR,0.224868019
1,2,1,DR,0.127479096
1,2,1,ACW,0.134479021
1,2,1,COKE,0.103464073
1,2,1,SR,0.265616696
1,2,1,DR,0.149282164
1,2,1,ACW,0.19308799
1,2,1,COKE,0.119154613
1,2,1,SR,0.338485343
1,2,1,DR,0.127167163
1,2,1,ACW,0.134840417
1,2,1,COKE,0.142897681
1,2,1,SR,0.213162924
1,2,1,DR,0.152402586
1,2,1,ACW,0.192656828
1,2,1,COKE,0.120817282
1,2,1,SR,0.24931952
1,2,1,DR,0.139656865
1,2,1,ACW,0.170429661
1,2,1,COKE,0.115530528
1,2,1,SR,0.352536544
1,2,1,DR,0.125897399
1,2,1,ACW,0.156696486
1,2,1,COKE,0.155878982
1,2,1,SR,0.458114205
1,2,1,DR,0.159394299
1,2,1,ACW,0.162274222
1,2,1,COKE,0.157383743
1,2,1,SR,0.250251141
1,2,1,DR,0.146148876
1,2,1,ACW,0.179976513
1,2,1,COKE,0.111157059
1,2,1,SR,0.217112485
1,2,1,DR,0.144222317
1,2,1,ACW,0.156576214
1,2,1,COKE,0.124739331
1,2,1,SR,0.311407372
1,2,1,DR,0.181726001
1,2,1,ACW,0.239255813
1,2,1,COKE,0.132806878
5,2,1,SR,0.280220721
5,2,1,DR,0.243432772
5,2,1,ACW,0.281310111
5,2,1,COKE,0.118724312
5,2,1,SR,0.284786336
5,2,1,DR,0.228594175
5,2,1,ACW,0.277936488
5,2,1,COKE,0.137527184
5,2,1,SR,0.17374349
5,2,1,DR,0.222025129
5,2,1,ACW,0.304200955
5,2,1,COKE,0.095231298
5,2,1,SR,0.358161232
5,2,1,DR,0.177826892
5,2,1,ACW,0.181326342
5,2,1,COKE,0.133309617
5,2,1,SR,0.264578028
5,2,1,DR,0.324068378
5,2,1,ACW,0.267484008
5,2,1,COKE,0.143040582
5,2,1,SR,0.242734951
5,2,1,DR,0.25664398
5,2,1,ACW,0.260233069
5,2,1,COKE,0.13723513
5,2,1,SR,0.293628673
5,2,1,DR,0.21977854
5,2,1,ACW,0.203192367
5,2,1,COKE,0.118322926
5,2,1,SR,0.247983611
5,2,1,DR,0.241808768
5,2,1,ACW,0.264434785
5,2,1,COKE,0.137969368
5,2,1,SR,0.252217282
5,2,1,DR,0.276705807
5,2,1,ACW,0.380905649
5,2,1,COKE,0.131759559
5,2,1,SR,0.423696486
5,2,1,DR,0.325437482
5,2,1,ACW,12.72818314
5,2,1,COKE,0.200533469
5,2,1,SR,0.238649764
5,2,1,DR,0.164832055
5,2,1,ACW,0.359792372
5,2,1,COKE,0.133628752
5,2,1,SR,0.459113323
5,2,1,DR,0.154816383
5,2,1,ACW,0.369775081
5,2,1,COKE,0.160132025
5,2,1,SR,0.321817454
5,2,1,DR,0.176061903
5,2,1,ACW,0.50668365
5,2,1,COKE,0.166552162
5,2,1,SR,0.246256317
5,2,1,DR,0.186493395
5,2,1,ACW,0.403547503
5,2,1,COKE,0.132068698
5,2,1,SR,0.348967179
5,2,1,DR,0.223364597
5,2,1,ACW,0.19208592
5,2,1,COKE,0.164971604
5,2,1,SR,0.246933527
5,2,1,DR,0.160400007
5,2,1,ACW,0.267596999
5,2,1,COKE,0.126991776
5,2,1,SR,0.381014643
5,2,1,DR,0.177707576
5,2,1,ACW,0.724222949
5,2,1,COKE,0.204786543
5,2,1,SR,0.263892499
5,2,1,DR,0.149453711
5,2,1,ACW,0.22695239
5,2,1,COKE,0.114487743
5,2,1,SR,0.273184041
5,2,1,DR,0.177043206
5,2,1,ACW,0.238529313
5,2,1,COKE,0.147025238
5,2,1,SR,0.36431107
5,2,1,DR,0.145365301
5,2,1,ACW,0.588884146
5,2,1,COKE,0.189633366
5,2,1,SR,0.321745544
5,2,1,DR,0.165164062
5,2,1,ACW,2.699049541
5,2,1,COKE,0.151504564
5,2,1,SR,0.183488034
5,2,1,DR,0.158657392
5,2,1,ACW,0.279352939
5,2,1,COKE,0.107042127
5,2,1,SR,0.255584668
5,2,1,DR,0.170200542
5,2,1,ACW,2.177242957
5,2,1,COKE,0.118803497
5,2,1,SR,0.34517171
5,2,1,DR,0.157255523
5,2,1,ACW,1.370638816
5,2,1,COKE,0.152469401
5,2,1,SR,0.309106273
5,2,1,DR,0.19767626
5,2,1,ACW,0.295754831
5,2,1,COKE,0.158209171
5,2,1,SR,0.181193098
5,2,1,DR,0.17468897
5,2,1,ACW,0.381800932
5,2,1,COKE,0.109494716
5,2,1,SR,0.208918457
5,2,1,DR,0.158690923
5,2,1,ACW,0.310264718
5,2,1,COKE,0.123010262
5,2,1,SR,0.318485963
5,2,1,DR,0.182465644
5,2,1,ACW,0.220257317
5,2,1,COKE,0.130872314
5,2,1,SR,0.337917175
5,2,1,DR,0.299841847
5,2,1,ACW,0.328763906
5,2,1,COKE,0.149566873
5,2,1,SR,0.224256224
5,2,1,DR,0.251821897
5,2,1,ACW,0.802190085
5,2,1,COKE,0.10911916
5,2,1,SR,0.330712401
5,2,1,DR,0.172923309
5,2,1,ACW,0.180368423
5,2,1,COKE,0.166134244
5,2,1,SR,0.371483804
5,2,1,DR,0.170868386
5,2,1,ACW,0.627646497
5,2,1,COKE,0.173446489
5,2,1,SR,0.401962931
5,2,1,DR,0.18665221
5,2,1,ACW,0.303885274
5,2,1,COKE,0.170374792
5,2,1,SR,0.273755399
5,2,1,DR,0.209430364
5,2,1,ACW,0.648175463
5,2,1,COKE,0.14900818
5,2,1,SR,0.277069618
5,2,1,DR,0.224223296
5,2,1,ACW,4.074401531
5,2,1,COKE,0.158376834
5,2,1,SR,0.455879133
5,2,1,DR,0.148088797
5,2,1,ACW,0.969154662
5,2,1,COKE,0.163437475
5,2,1,SR,0.23479669
5,2,1,DR,0.156528562
5,2,1,ACW,0.320623397
5,2,1,COKE,0.130119892
5,2,1,SR,0.259324007
5,2,1,DR,0.289575999
5,2,1,ACW,0.343244547
5,2,1,COKE,0.16651333
5,2,1,SR,0.221421767
5,2,1,DR,0.173562816
5,2,1,ACW,1.876227997
5,2,1,COKE,0.117044898
5,2,1,SR,0.355714437
5,2,1,DR,0.194900655
5,2,1,ACW,0.49812973
5,2,1,COKE,0.154466739
5,2,1,SR,0.429773194
5,2,1,DR,0.204740298
5,2,1,ACW,0.709248816
5,2,1,COKE,0.199699602
5,2,1,SR,0.289969445
5,2,1,DR,0.128241735
5,2,1,ACW,4.411128975
5,2,1,COKE,0.160178002
5,2,1,SR,0.283447214
5,2,1,DR,0.259811061
5,2,1,ACW,0.207001246
5,2,1,COKE,0.143705044
5,2,1,SR,0.360200713
5,2,1,DR,0.157894428
5,2,1,ACW,0.286381979
5,2,1,COKE,0.140163549
5,2,1,SR,0.44164593
5,2,1,DR,0.221437759
5,2,1,ACW,1.13235248
5,2,1,COKE,0.137630304
5,2,1,SR,0.24783388
5,2,1,DR,0.245884884
5,2,1,ACW,0.278695967
5,2,1,COKE,0.147794636
5,2,1,SR,0.35005244
5,2,1,DR,0.237482552
5,2,1,ACW,2.050646529
5,2,1,COKE,0.166971042
5,2,1,SR,0.308584352
5,2,1,DR,0.185166287
5,2,1,ACW,0.329141459
5,2,1,COKE,0.145467753
5,2,1,SR,0.270383158
5,2,1,DR,0.208360759
5,2,1,ACW,0.944787765
5,2,1,COKE,0.147791209
5,2,1,SR,0.349837482
5,2,1,DR,0.179350078
5,2,1,ACW,0.298276068
5,2,1,COKE,0.122625071
5,2,1,SR,0.317522621
5,2,1,DR,0.166668778
5,2,1,ACW,0.430128478
5,2,1,COKE,0.150513254
5,2,1,SR,0.328637984
5,2,1,DR,0.201308224
5,2,1,ACW,0.383748558
5,2,1,COKE,0.142617391
5,2,1,SR,0.360605476
5,2,1,DR,0.161157072
5,2,1,ACW,0.236612143
5,2,1,COKE,0.130315494
5,2,1,SR,0.28169943
5,2,1,DR,0.264285675
5,2,1,ACW,0.444751232
5,2,1,COKE,0.134527583
5,2,1,SR,0.41474667
5,2,1,DR,0.254336368
5,2,1,ACW,1.234303117
5,2,1,COKE,0.131844687
5,2,1,SR,0.303203657
5,2,1,DR,0.23175629
5,2,1,ACW,0.538144774
5,2,1,COKE,0.149041691
5,2,1,SR,0.282164997
5,2,1,DR,0.1744761
5,2,1,ACW,0.451919388
5,2,1,COKE,0.119918221
5,2,1,SR,0.540528826
5,2,1,DR,0.204236411
5,2,1,ACW,0.399586955
5,2,1,COKE,0.188370545
5,2,1,SR,0.252522892
5,2,1,DR,0.28160678
5,2,1,ACW,0.345134793
5,2,1,COKE,0.155203262
5,2,1,SR,0.209628966
5,2,1,DR,0.240163761
5,2,1,ACW,0.497028019
5,2,1,COKE,0.13789018
5,2,1,SR,0.245874518
5,2,1,DR,0.175405165
5,2,1,ACW,0.199726765
5,2,1,COKE,0.130699009
5,2,1,SR,0.482319943
5,2,1,DR,0.187652748
5,2,1,ACW,0.32911438
5,2,1,COKE,0.15416027
5,2,1,SR,0.313915461
5,2,1,DR,0.15834664
5,2,1,ACW,0.235002032
5,2,1,COKE,0.112066976
5,2,1,SR,0.315685685
5,2,1,DR,0.173892158
5,2,1,ACW,0.637066751
5,2,1,COKE,0.160357778
5,2,1,SR,0.332751545
5,2,1,DR,0.157924371
5,2,1,ACW,0.279423257
5,2,1,COKE,0.109107535
5,2,1,SR,0.500301113
5,2,1,DR,0.193911431
5,2,1,ACW,0.246666347
5,2,1,COKE,0.151580623
5,2,1,SR,0.370610072
5,2,1,DR,0.184650043
5,2,1,ACW,0.235148944
5,2,1,COKE,0.143867566
5,2,1,SR,0.21678432
5,2,1,DR,0.220852119
5,2,1,ACW,0.409545016
5,2,1,COKE,0.114253606
5,2,1,SR,0.204100118
5,2,1,DR,0.169728051
5,2,1,ACW,0.244337828
5,2,1,COKE,0.158832574
5,2,1,SR,0.48162728
5,2,1,DR,0.149864351
5,2,1,ACW,0.311442678
5,2,1,COKE,0.199879954
5,2,1,SR,0.30102669
5,2,1,DR,0.180315912
5,2,1,ACW,0.267616969
5,2,1,COKE,0.139747286
5,2,1,SR,0.275489612
5,2,1,DR,0.200587925
5,2,1,ACW,0.298553609
5,2,1,COKE,0.127451335
5,2,1,SR,0.325109227
5,2,1,DR,0.236518524
5,2,1,ACW,0.184005521
5,2,1,COKE,0.161230217
5,2,1,SR,0.210679648
5,2,1,DR,0.162795509
5,2,1,ACW,0.237499311
5,2,1,COKE,0.131869358
5,2,1,SR,0.390170398
5,2,1,DR,0.16555893
5,2,1,ACW,0.408788031
5,2,1,COKE,0.191120175
5,2,1,SR,0.200583658
5,2,1,DR,0.169324198
5,2,1,ACW,0.276837274
5,2,1,COKE,0.113829267
5,2,1,SR,0.294208693
5,2,1,DR,0.164331663
5,2,1,ACW,0.312095841
5,2,1,COKE,0.135640909
5,2,1,SR,0.262529845
5,2,1,DR,0.19572286
5,2,1,ACW,0.285243636
5,2,1,COKE,0.129695889
5,2,1,SR,0.354493526
5,2,1,DR,0.175291811
5,2,1,ACW,1.285670263
5,2,1,COKE,0.198098881
5,2,1,SR,0.291344284
5,2,1,DR,0.177551411
5,2,1,ACW,1.010748451
5,2,1,COKE,0.162431261
5,2,1,SR,0.472361146
5,2,1,DR,0.17769153
5,2,1,ACW,0.59680172
5,2,1,COKE,0.159991796
5,2,1,SR,0.270076145
5,2,1,DR,0.20702985
5,2,1,ACW,0.718648244
5,2,1,COKE,0.104288286
5,2,1,SR,0.335761211
5,2,1,DR,0.150628085
5,2,1,ACW,0.412823804
5,2,1,COKE,0.126182338
5,2,1,SR,0.342776053
5,2,1,DR,0.219122009
5,2,1,ACW,0.251963488
5,2,1,COKE,0.153972639
5,2,1,SR,0.250595497
5,2,1,DR,0.176692664
5,2,1,ACW,0.185760521
5,2,1,COKE,0.124408061
5,2,1,SR,0.376870082
5,2,1,DR,0.161269784
5,2,1,ACW,0.429740359
5,2,1,COKE,0.17116032
5,2,1,SR,0.331585467
5,2,1,DR,0.149742226
5,2,1,ACW,0.356607364
5,2,1,COKE,0.16021759
5,2,1,SR,0.26874132
5,2,1,DR,0.294356314
5,2,1,ACW,0.252032422
5,2,1,COKE,0.154947779
5,2,1,SR,0.195673823
5,2,1,DR,0.202566532
5,2,1,ACW,0.202194346
5,2,1,COKE,0.144992047
5,2,1,SR,0.376674566
5,2,1,DR,0.146928198
5,2,1,ACW,0.333525916
5,2,1,COKE,0.174508706
5,2,1,SR,0.272187187
5,2,1,DR,0.241170252
5,2,1,ACW,2.413792891
5,2,1,COKE,0.131607981
5,2,1,SR,0.384725652
5,2,1,DR,0.224756122
5,2,1,ACW,0.250538031
5,2,1,COKE,0.180629397
5,2,1,SR,0.289759248
5,2,1,DR,0.191548447
5,2,1,ACW,0.211692609
5,2,1,COKE,0.14238596
5,2,1,SR,0.235734537
5,2,1,DR,0.214952156
5,2,1,ACW,0.50566713
5,2,1,COKE,0.130391926
5,2,1,SR,0.236509031
5,2,1,DR,0.17661179
5,2,1,ACW,0.300069957
5,2,1,COKE,0.132953149
5,2,1,SR,0.256222225
5,2,1,DR,0.280603392
5,2,1,ACW,0.271234636
5,2,1,COKE,0.13806871
5,2,1,SR,0.254733306
5,2,1,DR,0.286780832
5,2,1,ACW,0.42204655
5,2,1,COKE,0.145229901
5,2,1,SR,0.26312285
5,2,1,DR,0.230921648
5,2,1,ACW,0.307488296
5,2,1,COKE,0.140594289
5,2,1,SR,0.557536102
5,2,1,DR,0.180980458
5,2,1,ACW,3.139942006
5,2,1,COKE,0.171793695
5,2,1,SR,0.287663232
5,2,1,DR,0.16112393
5,2,1,ACW,0.21117345
5,2,1,COKE,0.152868507
10,2,1,SR,0.320264243
10,2,1,DR,0.315442365
10,2,1,ACW,10.78379269
10,2,1,COKE,0.161880264
10,2,1,SR,0.387984761
10,2,1,DR,0.244805841
10,2,1,ACW,1.715205315
10,2,1,COKE,0.21167777
10,2,1,SR,0.438226668
10,2,1,DR,0.332731247
10,2,1,ACW,1.431022649
10,2,1,COKE,0.172884965
10,2,1,SR,0.356613042
10,2,1,DR,0.234475914
10,2,1,ACW,0.277748735
10,2,1,COKE,0.150995758
10,2,1,SR,0.258814753
10,2,1,DR,0.184108837
10,2,1,ACW,0.799921998
10,2,1,COKE,0.156834845
10,2,1,SR,0.313843816
10,2,1,DR,0.366777286
10,2,1,ACW,118.2376206
10,2,1,COKE,0.135663511
10,2,1,SR,0.448981064
10,2,1,DR,0.226258043
10,2,1,ACW,1.158876274
10,2,1,COKE,0.24712607
10,2,1,SR,0.394592844
10,2,1,DR,0.259984258
10,2,1,ACW,2.855377284
10,2,1,COKE,0.162202716
10,2,1,SR,0.301594618
10,2,1,DR,0.261996411
10,2,1,ACW,0.608142533
10,2,1,COKE,0.156012184
10,2,1,SR,0.38486333
10,2,1,DR,0.344572747
10,2,1,ACW,0.420532815
10,2,1,COKE,0.196026867
10,2,1,SR,0.499144767
10,2,1,DR,0.19812969
10,2,1,ACW,0.743901907
10,2,1,COKE,0.128092732
10,2,1,SR,0.217873933
10,2,1,DR,0.397419626
10,2,1,ACW,0.812716541
10,2,1,COKE,0.195168648
10,2,1,SR,0.272049986
10,2,1,DR,0.349629568
10,2,1,ACW,0.767666877
10,2,1,COKE,0.140226954
10,2,1,SR,0.310944527
10,2,1,DR,0.17979618
10,2,1,ACW,30.79190041
10,2,1,COKE,0.15156834
10,2,1,SR,0.384394049
10,2,1,DR,0.266716915
10,2,1,ACW,0.336834185
10,2,1,COKE,0.176247003
10,2,1,SR,0.255413736
10,2,1,DR,0.316501528
10,2,1,ACW,0.508977893
10,2,1,COKE,0.152320919
10,2,1,SR,0.483764498
10,2,1,DR,0.286277688
10,2,1,ACW,1.030156161
10,2,1,COKE,0.180720033
10,2,1,SR,0.319613221
10,2,1,DR,0.210795813
10,2,1,ACW,3.542906457
10,2,1,COKE,0.188133558
10,2,1,SR,0.270810266
10,2,1,DR,0.262971481
10,2,1,ACW,1.38756646
10,2,1,COKE,0.149623494
10,2,1,SR,0.367892911
10,2,1,DR,0.307998411
10,2,1,ACW,11.49747146
10,2,1,COKE,0.204515587
10,2,1,SR,0.43886534
10,2,1,DR,0.35589712
10,2,1,ACW,0.300437403
10,2,1,COKE,0.17588565
10,2,1,SR,0.245150734
10,2,1,DR,0.324962385
10,2,1,ACW,0.35022737
10,2,1,COKE,0.213101772
10,2,1,SR,0.304691767
10,2,1,DR,0.249749934
10,2,1,ACW,0.352277645
10,2,1,COKE,0.157922197
10,2,1,SR,0.277873257
10,2,1,DR,0.232972645
10,2,1,ACW,0.207953184
10,2,1,COKE,0.145288923
10,2,1,SR,0.627950317
10,2,1,DR,0.234218044
10,2,1,ACW,0.717329103
10,2,1,COKE,0.264429229
10,2,1,SR,0.366531084
10,2,1,DR,0.294403733
10,2,1,ACW,0.363563407
10,2,1,COKE,0.170848654
10,2,1,SR,0.372201056
10,2,1,DR,0.250292023
10,2,1,ACW,0.470118698
10,2,1,COKE,0.163110188
10,2,1,SR,0.401728469
10,2,1,DR,0.265762171
10,2,1,ACW,0.383766524
10,2,1,COKE,0.161854668
10,2,1,SR,0.327359645
10,2,1,DR,0.278632251
10,2,1,ACW,0.563828692
10,2,1,COKE,0.209042994
10,2,1,SR,0.360434498
10,2,1,DR,0.186627249
10,2,1,ACW,0.267855651
10,2,1,COKE,0.139153927
10,2,1,SR,0.322097954
10,2,1,DR,0.183999448
10,2,1,ACW,0.27426672
10,2,1,COKE,0.170562495
10,2,1,SR,0.355592236
10,2,1,DR,0.195265673
10,2,1,ACW,1.882235674
10,2,1,COKE,0.155824214
10,2,1,SR,0.47537826
10,2,1,DR,0.369709966
10,2,1,ACW,0.522550836
10,2,1,COKE,0.200832053
10,2,1,SR,0.225161799
10,2,1,DR,0.251955057
10,2,1,ACW,0.496930847
10,2,1,COKE,0.115608881
10,2,1,SR,0.439160781
10,2,1,DR,0.202807776
10,2,1,ACW,0.979250734
10,2,1,COKE,0.252061795
10,2,1,SR,0.212649172
10,2,1,DR,0.266060883
10,2,1,ACW,2.091081422
10,2,1,COKE,0.130888161
10,2,1,SR,0.301462239
10,2,1,DR,0.419484169
10,2,1,ACW,25.94613043
10,2,1,COKE,0.138542443
10,2,1,SR,0.476252987
10,2,1,DR,0.257898076
10,2,1,ACW,0.305458258
10,2,1,COKE,0.165472681
10,2,1,SR,0.459362305
10,2,1,DR,0.20353792
10,2,1,ACW,64.16706671
10,2,1,COKE,0.168822326
10,2,1,SR,0.526746177
10,2,1,DR,0.231130453
10,2,1,ACW,0.421992893
10,2,1,COKE,0.157826202
10,2,1,SR,0.632304367
10,2,1,DR,0.315629144
10,2,1,ACW,0.414693298
10,2,1,COKE,0.149917096
10,2,1,SR,0.463679135
10,2,1,DR,0.164205561
10,2,1,ACW,0.234162331
10,2,1,COKE,0.171798172
10,2,1,SR,0.395575035
10,2,1,DR,0.342636986
10,2,1,ACW,0.386475377
10,2,1,COKE,0.22140864
10,2,1,SR,0.425827897
10,2,1,DR,0.251065755
10,2,1,ACW,0.210140933
10,2,1,COKE,0.216986955
10,2,1,SR,0.356057252
10,2,1,DR,0.232507057
10,2,1,ACW,0.381633872
10,2,1,COKE,0.16764357
10,2,1,SR,0.295322149
10,2,1,DR,0.210176714
10,2,1,ACW,0.321767186
10,2,1,COKE,0.155527727
10,2,1,SR,0.323898712
10,2,1,DR,0.236039717
10,2,1,ACW,0.335819647
10,2,1,COKE,0.175311284
10,2,1,SR,0.254446789
10,2,1,DR,0.284078416
10,2,1,ACW,1.316686714
10,2,1,COKE,0.134730163
10,2,1,SR,0.355169685
10,2,1,DR,0.352440575
10,2,1,ACW,0.331484684
10,2,1,COKE,0.130897626
10,2,1,SR,0.427605864
10,2,1,DR,0.187522855
10,2,1,ACW,0.496410083
10,2,1,COKE,0.173475393
10,2,1,SR,0.316039
10,2,1,DR,0.170650224
10,2,1,ACW,0.216129863
10,2,1,COKE,0.154724635
10,2,1,SR,0.234979255
10,2,1,DR,0.38655078
10,2,1,ACW,0.491633843
10,2,1,COKE,0.172100706
10,2,1,SR,0.32561057
10,2,1,DR,0.29041289
10,2,1,ACW,0.389270637
10,2,1,COKE,0.174485431
10,2,1,SR,0.23583487
10,2,1,DR,0.228631141
10,2,1,ACW,1.125999148
10,2,1,COKE,0.141558364
10,2,1,SR,0.33794093
10,2,1,DR,0.428387949
10,2,1,ACW,0.48199923
10,2,1,COKE,0.179940609
10,2,1,SR,0.36645385
10,2,1,DR,0.193164206
10,2,1,ACW,0.176693846
10,2,1,COKE,0.1817289
10,2,1,SR,0.470513595
10,2,1,DR,0.398873936
10,2,1,ACW,3.512813821
10,2,1,COKE,0.183454445
10,2,1,SR,0.438348444
10,2,1,DR,0.237032282
10,2,1,ACW,0.325643844
10,2,1,COKE,0.167455438
10,2,1,SR,0.414730081
10,2,1,DR,0.22570604
10,2,1,ACW,0.333050304
10,2,1,COKE,0.121705456
10,2,1,SR,0.359398961
10,2,1,DR,0.292310924
10,2,1,ACW,9.235423804
10,2,1,COKE,0.164516169
10,2,1,SR,0.467183752
10,2,1,DR,0.267185498
10,2,1,ACW,0.379359746
10,2,1,COKE,0.146885729
10,2,1,SR,0.440755253
10,2,1,DR,0.249001164
10,2,1,ACW,0.951115512
10,2,1,COKE,0.204383476
10,2,1,SR,0.346266062
10,2,1,DR,0.156130088
10,2,1,ACW,0.765616454
10,2,1,COKE,0.153695825
10,2,1,SR,0.233176481
10,2,1,DR,0.294881939
10,2,1,ACW,1.197983386
10,2,1,COKE,0.143066733
10,2,1,SR,0.486174883
10,2,1,DR,0.182671547
10,2,1,ACW,2.871075887
10,2,1,COKE,0.198345704
10,2,1,SR,0.319128434
10,2,1,DR,0.413510926
10,2,1,ACW,0.402782435
10,2,1,COKE,0.157941309
10,2,1,SR,0.458358011
10,2,1,DR,0.35427994
10,2,1,ACW,0.60626754
10,2,1,COKE,0.142846615
10,2,1,SR,0.297538755
10,2,1,DR,0.284045004
10,2,1,ACW,0.351149094
10,2,1,COKE,0.147968723
10,2,1,SR,0.357131944
10,2,1,DR,0.241231919
10,2,1,ACW,0.686188992
10,2,1,COKE,0.132340988
10,2,1,SR,0.453185868
10,2,1,DR,0.322090288
10,2,1,ACW,0.461762873
10,2,1,COKE,0.172144027
10,2,1,SR,0.546479208
10,2,1,DR,0.216629746
10,2,1,ACW,0.254771999
10,2,1,COKE,0.170613922
10,2,1,SR,0.471170368
10,2,1,DR,0.281648793
10,2,1,ACW,0.294272389
10,2,1,COKE,0.228780862
10,2,1,SR,0.438132494
10,2,1,DR,0.180663945
10,2,1,ACW,18.33756239
10,2,1,COKE,0.19042614
10,2,1,SR,0.258834082
10,2,1,DR,0.252194683
10,2,1,ACW,0.423023545
10,2,1,COKE,0.150585507
10,2,1,SR,0.464085832
10,2,1,DR,0.175920456
10,2,1,ACW,17.93747686
10,2,1,COKE,0.147235602
10,2,1,SR,0.338766461
10,2,1,DR,0.280675656
10,2,1,ACW,0.790462547
10,2,1,COKE,0.183591373
10,2,1,SR,0.365403826
10,2,1,DR,0.275394628
10,2,1,ACW,0.958571357
10,2,1,COKE,0.154751071
10,2,1,SR,0.405400351
10,2,1,DR,0.234284143
10,2,1,ACW,0.214710102
10,2,1,COKE,0.177406393
10,2,1,SR,0.427059492
10,2,1,DR,0.194395621
10,2,1,ACW,7.680807224
10,2,1,COKE,0.191684938
10,2,1,SR,0.467337244
10,2,1,DR,0.228937602
10,2,1,ACW,0.681445041
10,2,1,COKE,0.204028047
10,2,1,SR,0.385156016
10,2,1,DR,0.216498801
10,2,1,ACW,1.241941055
10,2,1,COKE,0.161528698
10,2,1,SR,0.378976022
10,2,1,DR,0.403276668
10,2,1,ACW,7.342787441
10,2,1,COKE,0.129240561
10,2,1,SR,0.337703112
10,2,1,DR,0.218206038
10,2,1,ACW,0.458232823
10,2,1,COKE,0.18520411
10,2,1,SR,0.659021682
10,2,1,DR,0.283405427
10,2,1,ACW,0.474666839
10,2,1,COKE,0.20428895
10,2,1,SR,0.464035103
10,2,1,DR,0.191459629
10,2,1,ACW,0.360064347
10,2,1,COKE,0.194792853
10,2,1,SR,0.332073983
10,2,1,DR,0.280532075
10,2,1,ACW,0.40200384
10,2,1,COKE,0.156027987
10,2,1,SR,0.413372527
10,2,1,DR,0.31700837
10,2,1,ACW,0.516438594
10,2,1,COKE,0.155392542
10,2,1,SR,0.391794881
10,2,1,DR,0.265430415
10,2,1,ACW,0.377898781
10,2,1,COKE,0.182975405
10,2,1,SR,0.326198966
10,2,1,DR,0.378070904
10,2,1,ACW,0.485606749
10,2,1,COKE,0.19553072
10,2,1,SR,0.455174026
10,2,1,DR,0.193780368
10,2,1,ACW,0.209705648
10,2,1,COKE,0.199174484
10,2,1,SR,0.363704274
10,2,1,DR,0.254304426
10,2,1,ACW,0.228472944
10,2,1,COKE,0.164497234
10,2,1,SR,0.354572187
10,2,1,DR,0.1999097
10,2,1,ACW,5.922955447
10,2,1,COKE,0.130823005
10,2,1,SR,0.351854007
10,2,1,DR,0.178120452
10,2,1,ACW,0.294639677
10,2,1,COKE,0.169313622
10,2,1,SR,0.366551675
10,2,1,DR,0.26191709
10,2,1,ACW,0.26298367
10,2,1,COKE,0.160819428
10,2,1,SR,0.432878211
10,2,1,DR,0.314493759
10,2,1,ACW,0.429618925
10,2,1,COKE,0.146763711
10,2,1,SR,0.331355677
10,2,1,DR,0.186521435
10,2,1,ACW,4.699389538
10,2,1,COKE,0.154390553
10,2,1,SR,0.503631769
10,2,1,DR,0.260809464
10,2,1,ACW,0.249073341
10,2,1,COKE,0.189551687
10,2,1,SR,0.457052755
10,2,1,DR,0.349046541
10,2,1,ACW,0.44053936
10,2,1,COKE,0.167304549
10,2,1,SR,0.30082651
10,2,1,DR,0.352980224
10,2,1,ACW,0.601754331
10,2,1,COKE,0.135210456
10,2,1,SR,0.349174627
10,2,1,DR,0.278120649
10,2,1,ACW,0.310513369
10,2,1,COKE,0.189275922
15,2,1,SR,0.308944939
15,2,1,DR,0.380564477
15,2,1,ACW,0.498148975
15,2,1,COKE,0.165124224
15,2,1,SR,0.426913613
15,2,1,DR,0.309054533
15,2,1,ACW,0.216266604
15,2,1,COKE,0.158090226
15,2,1,SR,0.557925735
15,2,1,DR,0.31824258
15,2,1,ACW,3.275105139
15,2,1,COKE,0.208803415
15,2,1,SR,0.249356483
15,2,1,DR,0.217509717
15,2,1,ACW,1.679852119
15,2,1,COKE,0.142091646
15,2,1,SR,0.327462732
15,2,1,DR,0.280261399
15,2,1,ACW,0.38495991
15,2,1,COKE,0.177786244
15,2,1,SR,0.494242311
15,2,1,DR,0.24013064
15,2,1,ACW,0.769304263
15,2,1,COKE,0.166637894
15,2,1,SR,0.280655959
15,2,1,DR,0.259534312
15,2,1,ACW,0.451292606
15,2,1,COKE,0.146096125
15,2,1,SR,0.447530269
15,2,1,DR,0.23707963
15,2,1,ACW,0.354611258
15,2,1,COKE,0.217359784
15,2,1,SR,0.474059885
15,2,1,DR,0.157120545
15,2,1,ACW,19.62741033
15,2,1,COKE,0.208133605
15,2,1,SR,0.661802877
15,2,1,DR,0.2850427
15,2,1,ACW,0.446863656
15,2,1,COKE,0.171527014
15,2,1,SR,0.40922428
15,2,1,DR,0.408885316
15,2,1,ACW,4.981229346
15,2,1,COKE,0.152985632
15,2,1,SR,0.328717946
15,2,1,DR,0.381274672
15,2,1,ACW,0.170513276
15,2,1,COKE,0.186437447
15,2,1,SR,0.496457159
15,2,1,DR,0.332440736
15,2,1,ACW,0.175813778
15,2,1,COKE,0.191704031
15,2,1,SR,0.515076899
15,2,1,DR,0.267692198
15,2,1,ACW,13.24730456
15,2,1,COKE,0.208678591
15,2,1,SR,0.406752215
15,2,1,DR,0.244823872
15,2,1,ACW,0.28070376
15,2,1,COKE,0.174321448
15,2,1,SR,0.516856527
15,2,1,DR,0.274983415
15,2,1,ACW,1.269239171
15,2,1,COKE,0.25482664
15,2,1,SR,0.495000488
15,2,1,DR,0.337088932
15,2,1,ACW,0.539590293
15,2,1,COKE,0.210917913
15,2,1,SR,0.309982347
15,2,1,DR,0.273320644
15,2,1,ACW,0.299300726
15,2,1,COKE,0.156487016
15,2,1,SR,0.343496062
15,2,1,DR,0.256803985
15,2,1,ACW,0.801724081
15,2,1,COKE,0.178315394
15,2,1,SR,0.377825916
15,2,1,DR,0.235063485
15,2,1,ACW,1.691719777
15,2,1,COKE,0.180383269
15,2,1,SR,0.35766657
15,2,1,DR,0.487821255
15,2,1,ACW,0.252234102
15,2,1,COKE,0.185152184
15,2,1,SR,0.46886004
15,2,1,DR,0.19843877
15,2,1,ACW,1.062777701
15,2,1,COKE,0.167421391
15,2,1,SR,0.381262156
15,2,1,DR,0.20209474
15,2,1,ACW,0.822276235
15,2,1,COKE,0.213760741
15,2,1,SR,0.373389594
15,2,1,DR,0.247003536
15,2,1,ACW,0.787681369
15,2,1,COKE,0.178723806
15,2,1,SR,0.547159942
15,2,1,DR,0.302278484
15,2,1,ACW,7.206922118
15,2,1,COKE,0.257085396
15,2,1,SR,0.390514992
15,2,1,DR,0.32716861
15,2,1,ACW,0.368744714
15,2,1,COKE,0.182792749
15,2,1,SR,0.533094056
15,2,1,DR,0.245241265
15,2,1,ACW,0.24940528
15,2,1,COKE,0.199123206
15,2,1,SR,0.434659238
15,2,1,DR,0.316388336
15,2,1,ACW,1.991593851
15,2,1,COKE,0.197249581
15,2,1,SR,0.413549641
15,2,1,DR,0.228635446
15,2,1,ACW,0.20393857
15,2,1,COKE,0.210300416
15,2,1,SR,0.315929964
15,2,1,DR,0.287827237
15,2,1,ACW,0.325680264
15,2,1,COKE,0.137075505
15,2,1,SR,0.508531124
15,2,1,DR,0.304309406
15,2,1,ACW,0.272421356
15,2,1,COKE,0.188962429
15,2,1,SR,0.239027323
15,2,1,DR,0.384196872
15,2,1,ACW,0.370755381
15,2,1,COKE,0.156551382
15,2,1,SR,0.425225947
15,2,1,DR,0.300125636
15,2,1,ACW,4.887546611
15,2,1,COKE,0.177047081
15,2,1,SR,0.376197744
15,2,1,DR,0.273206957
15,2,1,ACW,0.50319463
15,2,1,COKE,0.145918222
15,2,1,SR,0.420530764
15,2,1,DR,0.208050566
15,2,1,ACW,13.4226868
15,2,1,COKE,0.199811963
15,2,1,SR,0.744907971
15,2,1,DR,0.198773845
15,2,1,ACW,0.848504861
15,2,1,COKE,0.199101581
15,2,1,SR,0.584261132
15,2,1,DR,0.22247566
15,2,1,ACW,0.457738356
15,2,1,COKE,0.208897628
15,2,1,SR,0.35713647
15,2,1,DR,0.320218384
15,2,1,ACW,0.48962997
15,2,1,COKE,0.16519721
15,2,1,SR,0.62798982
15,2,1,DR,0.306474756
15,2,1,ACW,0.495286232
15,2,1,COKE,0.207961061
15,2,1,SR,0.336892187
15,2,1,DR,0.188701645
15,2,1,ACW,3.045933983
15,2,1,COKE,0.192933606
15,2,1,SR,0.385216216
15,2,1,DR,0.330289449
15,2,1,ACW,3.944549873
15,2,1,COKE,0.211360948
15,2,1,SR,0.476999452
15,2,1,DR,0.396253668
15,2,1,ACW,0.48462017
15,2,1,COKE,0.203706909
15,2,1,SR,0.290255403
15,2,1,DR,0.293367648
15,2,1,ACW,0.214085571
15,2,1,COKE,0.182086082
15,2,1,SR,0.40144326
15,2,1,DR,0.199400514
15,2,1,ACW,0.288782878
15,2,1,COKE,0.25126207
15,2,1,SR,0.508944022
15,2,1,DR,0.231385176
15,2,1,ACW,0.363969988
15,2,1,COKE,0.265994602
15,2,1,SR,0.612410645
15,2,1,DR,0.283319006
15,2,1,ACW,4.916853937
15,2,1,COKE,0.222959015
15,2,1,SR,0.660772109
15,2,1,DR,0.282604448
15,2,1,ACW,0.489579876
15,2,1,COKE,0.211560364
15,2,1,SR,0.321795759
15,2,1,DR,0.354686527
15,2,1,ACW,1.618468911
15,2,1,COKE,0.146544883
15,2,1,SR,0.326201821
15,2,1,DR,0.201457353
15,2,1,ACW,0.252282773
15,2,1,COKE,0.185463123
15,2,1,SR,0.376694039
15,2,1,DR,0.22834309
15,2,1,ACW,0.469026956
15,2,1,COKE,0.173641676
15,2,1,SR,0.676079794
15,2,1,DR,0.202597072
15,2,1,ACW,0.358604051
15,2,1,COKE,0.198302707
15,2,1,SR,0.319234806
15,2,1,DR,0.289220619
15,2,1,ACW,0.454665813
15,2,1,COKE,0.159875717
15,2,1,SR,0.339554779
15,2,1,DR,0.257066529
15,2,1,ACW,0.218832766
15,2,1,COKE,0.180711579
15,2,1,SR,0.534717116
15,2,1,DR,0.21567079
15,2,1,ACW,1.47354357
15,2,1,COKE,0.275532863
15,2,1,SR,0.723679553
15,2,1,DR,0.207373566
15,2,1,ACW,0.590884939
15,2,1,COKE,0.234322925
15,2,1,SR,0.547206068
15,2,1,DR,0.28617708
15,2,1,ACW,0.333261331
15,2,1,COKE,0.20172526
15,2,1,SR,0.816608614
15,2,1,DR,0.298920249
15,2,1,ACW,4.141999924
15,2,1,COKE,0.184586248
15,2,1,SR,0.50784446
15,2,1,DR,0.164720607
15,2,1,ACW,0.376369572
15,2,1,COKE,0.18921627
15,2,1,SR,0.234562445
15,2,1,DR,0.325379824
15,2,1,ACW,1.180140629
15,2,1,COKE,0.129070545
15,2,1,SR,0.364410498
15,2,1,DR,0.341884313
15,2,1,ACW,0.290437569
15,2,1,COKE,0.195079767
15,2,1,SR,0.452477338
15,2,1,DR,0.322361974
15,2,1,ACW,0.343661723
15,2,1,COKE,0.171876378
15,2,1,SR,0.454404193
15,2,1,DR,0.282348565
15,2,1,ACW,41.75777917
15,2,1,COKE,0.18203898
15,2,1,SR,0.449588192
15,2,1,DR,0.424778781
15,2,1,ACW,0.549947174
15,2,1,COKE,0.166416673
15,2,1,SR,0.410364569
15,2,1,DR,0.290400958
15,2,1,ACW,0.333789856
15,2,1,COKE,0.1545425
15,2,1,SR,0.466838723
15,2,1,DR,0.421507017
15,2,1,ACW,0.497783603
15,2,1,COKE,0.176871443
15,2,1,SR,0.373763355
15,2,1,DR,0.182594079
15,2,1,ACW,2.555356639
15,2,1,COKE,0.162749091
15,2,1,SR,0.370388596
15,2,1,DR,0.216439216
15,2,1,ACW,0.484844242
15,2,1,COKE,0.17838947
15,2,1,SR,0.364233619
15,2,1,DR,0.283522178
15,2,1,ACW,0.234124758
15,2,1,COKE,0.184489544
15,2,1,SR,0.881951073
15,2,1,DR,0.262449793
15,2,1,ACW,0.531705298
15,2,1,COKE,0.313414881
15,2,1,SR,0.287965503
15,2,1,DR,0.203811509
15,2,1,ACW,6.680893298
15,2,1,COKE,0.13863436
15,2,1,SR,0.273701677
15,2,1,DR,0.357827538
15,2,1,ACW,2.491826624
15,2,1,COKE,0.183682102
15,2,1,SR,0.647506877
15,2,1,DR,0.276462008
15,2,1,ACW,0.21760562
15,2,1,COKE,0.165351226
15,2,1,SR,0.239658181
15,2,1,DR,0.23648597
15,2,1,ACW,0.374034337
15,2,1,COKE,0.131089452
15,2,1,SR,0.393261049
15,2,1,DR,0.272751693
15,2,1,ACW,4.945632825
15,2,1,COKE,0.167211994
15,2,1,SR,0.270933289
15,2,1,DR,0.33632654
15,2,1,ACW,0.407905597
15,2,1,COKE,0.150804292
15,2,1,SR,0.339989414
15,2,1,DR,0.279513483
15,2,1,ACW,0.30208351
15,2,1,COKE,0.136776727
15,2,1,SR,0.575705397
15,2,1,DR,0.19688534
15,2,1,ACW,2.892160949
15,2,1,COKE,0.237059562
15,2,1,SR,0.444762694
15,2,1,DR,0.345512249
15,2,1,ACW,0.415375341
15,2,1,COKE,0.180484561
15,2,1,SR,0.502125882
15,2,1,DR,0.275241027
15,2,1,ACW,0.921315924
15,2,1,COKE,0.282027266
15,2,1,SR,0.421821204
15,2,1,DR,0.288089762
15,2,1,ACW,1.236206751
15,2,1,COKE,0.207163166
15,2,1,SR,0.530740488
15,2,1,DR,0.145096148
15,2,1,ACW,0.695650156
15,2,1,COKE,0.334592967
15,2,1,SR,0.494299127
15,2,1,DR,0.235463212
15,2,1,ACW,1.751889066
15,2,1,COKE,0.21455624
15,2,1,SR,0.576436819
15,2,1,DR,0.344701684
15,2,1,ACW,1.459505746
15,2,1,COKE,0.218327206
15,2,1,SR,0.265329707
15,2,1,DR,0.21439328
15,2,1,ACW,0.253454194
15,2,1,COKE,0.183193192
15,2,1,SR,0.54553517
15,2,1,DR,0.326985449
15,2,1,ACW,2.47486049
15,2,1,COKE,0.230574227
15,2,1,SR,0.465942864
15,2,1,DR,0.258330287
15,2,1,ACW,0.702181511
15,2,1,COKE,0.201546533
15,2,1,SR,0.537755897
15,2,1,DR,0.337980723
15,2,1,ACW,0.347241744
15,2,1,COKE,0.166611423
15,2,1,SR,0.500392726
15,2,1,DR,0.211810073
15,2,1,ACW,0.381758908
15,2,1,COKE,0.220379615
15,2,1,SR,0.275087524
15,2,1,DR,0.416761559
15,2,1,ACW,5.199754253
15,2,1,COKE,0.149675393
15,2,1,SR,0.464855715
15,2,1,DR,0.201546954
15,2,1,ACW,1.458015242
15,2,1,COKE,0.184616852
15,2,1,SR,0.351223033
15,2,1,DR,0.371274754
15,2,1,ACW,2.842669012
15,2,1,COKE,0.15951643
15,2,1,SR,0.405018923
15,2,1,DR,0.321162811
15,2,1,ACW,0.263888558
15,2,1,COKE,0.182021415
15,2,1,SR,0.382803707
15,2,1,DR,0.255129248
15,2,1,ACW,0.243977408
15,2,1,COKE,0.172139389
15,2,1,SR,0.370081667
15,2,1,DR,0.286663752
15,2,1,ACW,0.311204624
15,2,1,COKE,0.149182183
15,2,1,SR,0.340491288
15,2,1,DR,0.327681157
15,2,1,ACW,0.320133867
15,2,1,COKE,0.170600102
15,2,1,SR,0.38150181
15,2,1,DR,0.229610728
15,2,1,ACW,1.149038615
15,2,1,COKE,0.262262719
15,2,1,SR,0.333324346
15,2,1,DR,0.22174575
15,2,1,ACW,99.60889221
15,2,1,COKE,0.138110812
15,2,1,SR,0.383730674
15,2,1,DR,0.246590749
15,2,1,ACW,0.261627541
15,2,1,COKE,0.187350857
15,2,1,SR,0.382407676
15,2,1,DR,0.189112927
15,2,1,ACW,0.265353905
15,2,1,COKE,0.288906291
15,2,1,SR,0.389329167
15,2,1,DR,0.285004936
15,2,1,ACW,0.491434881
15,2,1,COKE,0.166676735
20,2,1,SR,0.711072606
20,2,1,DR,0.462800695
20,2,1,ACW,0.481111524
20,2,1,COKE,0.143553216
20,2,1,SR,0.427780593
20,2,1,DR,0.363825099
20,2,1,ACW,0.552676221
20,2,1,COKE,0.183772795
20,2,1,SR,0.398406238
20,2,1,DR,0.321146595
20,2,1,ACW,0.471384958
20,2,1,COKE,0.198181335
20,2,1,SR,0.524631919
20,2,1,DR,0.28758412
20,2,1,ACW,0.460151627
20,2,1,COKE,0.145436854
20,2,1,SR,0.306782835
20,2,1,DR,0.438884981
20,2,1,ACW,0.495200507
20,2,1,COKE,0.146381902
20,2,1,SR,0.331104025
20,2,1,DR,0.200665756
20,2,1,ACW,36.64254183
20,2,1,COKE,0.18541171
20,2,1,SR,0.613236433
20,2,1,DR,0.283216805
20,2,1,ACW,0.318841713
20,2,1,COKE,0.261816645
20,2,1,SR,0.306883142
20,2,1,DR,0.548392782
20,2,1,ACW,6.50360175
20,2,1,COKE,0.176743043
20,2,1,SR,0.358556571
20,2,1,DR,0.439005361
20,2,1,ACW,0.473442813
20,2,1,COKE,0.191167153
20,2,1,SR,0.281599668
20,2,1,DR,0.257141686
20,2,1,ACW,0.691482588
20,2,1,COKE,0.132558309
20,2,1,SR,0.472567527
20,2,1,DR,0.277798437
20,2,1,ACW,0.313434892
20,2,1,COKE,0.228345624
20,2,1,SR,0.368577159
20,2,1,DR,0.310251836
20,2,1,ACW,0.586231721
20,2,1,COKE,0.156694603
20,2,1,SR,0.605433589
20,2,1,DR,0.389594828
20,2,1,ACW,0.394356746
20,2,1,COKE,0.245146474
20,2,1,SR,0.381490577
20,2,1,DR,0.344155978
20,2,1,ACW,8.017780008
20,2,1,COKE,0.17967996
20,2,1,SR,0.480331742
20,2,1,DR,0.319640582
20,2,1,ACW,0.321017027
20,2,1,COKE,0.321477606
20,2,1,SR,0.59996212
20,2,1,DR,0.291810009
20,2,1,ACW,0.354199598
20,2,1,COKE,0.257064543
20,2,1,SR,0.45304115
20,2,1,DR,0.38137698
20,2,1,ACW,0.753227926
20,2,1,COKE,0.226567907
20,2,1,SR,0.389539226
20,2,1,DR,0.385685856
20,2,1,ACW,0.453853747
20,2,1,COKE,0.167840596
20,2,1,SR,0.422326565
20,2,1,DR,0.259986779
20,2,1,ACW,0.383966868
20,2,1,COKE,0.210547494
20,2,1,SR,0.285883879
20,2,1,DR,0.251875887
20,2,1,ACW,3.324586435
20,2,1,COKE,0.200901558
20,2,1,SR,0.629555091
20,2,1,DR,0.265816198
20,2,1,ACW,0.199974227
20,2,1,COKE,0.261181566
20,2,1,SR,0.508642367
20,2,1,DR,0.330825741
20,2,1,ACW,0.427689521
20,2,1,COKE,0.217031555
20,2,1,SR,0.290139509
20,2,1,DR,0.559609012
20,2,1,ACW,0.497922911
20,2,1,COKE,0.158725341
20,2,1,SR,0.911218693
20,2,1,DR,0.321593523
20,2,1,ACW,12.95561983
20,2,1,COKE,0.16177427
20,2,1,SR,0.431736349
20,2,1,DR,0.297608062
20,2,1,ACW,0.416615599
20,2,1,COKE,0.163435938
20,2,1,SR,0.498808322
20,2,1,DR,0.276139306
20,2,1,ACW,0.532518603
20,2,1,COKE,0.169408198
20,2,1,SR,0.562312992
20,2,1,DR,0.368308274
20,2,1,ACW,0.199516858
20,2,1,COKE,0.271268863
20,2,1,SR,0.836861111
20,2,1,DR,0.21852852
20,2,1,ACW,1.510665744
20,2,1,COKE,0.307886944
20,2,1,SR,0.460427578
20,2,1,DR,0.232227853
20,2,1,ACW,0.503464678
20,2,1,COKE,0.15157926
20,2,1,SR,0.457874841
20,2,1,DR,0.426460071
20,2,1,ACW,0.195263475
20,2,1,COKE,0.19506634
20,2,1,SR,0.503265278
20,2,1,DR,0.446260455
20,2,1,ACW,0.468244586
20,2,1,COKE,0.215649078
20,2,1,SR,0.370618156
20,2,1,DR,0.289465346
20,2,1,ACW,0.48058936
20,2,1,COKE,0.183035897
20,2,1,SR,0.598804236
20,2,1,DR,0.32644652
20,2,1,ACW,3.859943281
20,2,1,COKE,0.187387568
20,2,1,SR,0.695284784
20,2,1,DR,0.221552075
20,2,1,ACW,1.115691124
20,2,1,COKE,0.297292409
20,2,1,SR,0.356022137
20,2,1,DR,0.358866287
20,2,1,ACW,0.344366231
20,2,1,COKE,0.17277402
20,2,1,SR,0.253493985
20,2,1,DR,0.301878823
20,2,1,ACW,0.492685091
20,2,1,COKE,0.175153605
20,2,1,SR,0.573192496
20,2,1,DR,0.344028965
20,2,1,ACW,0.309977072
20,2,1,COKE,0.1660568
20,2,1,SR,0.449126482
20,2,1,DR,0.406888032
20,2,1,ACW,0.46552892
20,2,1,COKE,0.19138525
20,2,1,SR,0.442898649
20,2,1,DR,0.228142179
20,2,1,ACW,0.164059282
20,2,1,COKE,0.212525561
20,2,1,SR,0.420837253
20,2,1,DR,0.383934452
20,2,1,ACW,26.50065562
20,2,1,COKE,0.243902882
20,2,1,SR,0.499711571
20,2,1,DR,0.428445824
20,2,1,ACW,0.955773918
20,2,1,COKE,0.188537323
20,2,1,SR,0.293225051
20,2,1,DR,0.291729799
20,2,1,ACW,0.481597444
20,2,1,COKE,0.164386956
20,2,1,SR,0.394079314
20,2,1,DR,0.256188678
20,2,1,ACW,0.236166161
20,2,1,COKE,0.170407998
20,2,1,SR,0.430369779
20,2,1,DR,0.339995579
20,2,1,ACW,2.12258229
20,2,1,COKE,0.197146689
20,2,1,SR,0.287489595
20,2,1,DR,0.371820586
20,2,1,ACW,1.641839459
20,2,1,COKE,0.16212059
20,2,1,SR,0.328685756
20,2,1,DR,0.532453667
20,2,1,ACW,0.652721629
20,2,1,COKE,0.166398927
20,2,1,SR,0.533915897
20,2,1,DR,0.66293975
20,2,1,ACW,0.24122912
20,2,1,COKE,0.168753845
20,2,1,SR,0.615321881
20,2,1,DR,0.228665986
20,2,1,ACW,0.417936456
20,2,1,COKE,0.184190034
20,2,1,SR,0.656725731
20,2,1,DR,0.236766908
20,2,1,ACW,1.425285395
20,2,1,COKE,0.320233263
20,2,1,SR,0.629938887
20,2,1,DR,0.267435143
20,2,1,ACW,0.228395269
20,2,1,COKE,0.185113668
20,2,1,SR,0.579863602
20,2,1,DR,0.162361573
20,2,1,ACW,0.280500435
20,2,1,COKE,0.164032335
20,2,1,SR,0.428474063
20,2,1,DR,0.288887198
20,2,1,ACW,0.307716485
20,2,1,COKE,0.15583972
20,2,1,SR,0.454102027
20,2,1,DR,0.281425301
20,2,1,ACW,1.178470553
20,2,1,COKE,0.156376576
20,2,1,SR,0.436967003
20,2,1,DR,0.207837796
20,2,1,ACW,0.327335808
20,2,1,COKE,0.222815836
20,2,1,SR,0.430347248
20,2,1,DR,0.364684457
20,2,1,ACW,0.276479693
20,2,1,COKE,0.206635472
20,2,1,SR,0.335881457
20,2,1,DR,0.298979918
20,2,1,ACW,1.067475551
20,2,1,COKE,0.224545759
20,2,1,SR,0.378161204
20,2,1,DR,0.460986069
20,2,1,ACW,4.851630521
20,2,1,COKE,0.182012019
20,2,1,SR,0.440111121
20,2,1,DR,0.360798787
20,2,1,ACW,0.194139862
20,2,1,COKE,0.175700896
20,2,1,SR,0.415690241
20,2,1,DR,0.432827654
20,2,1,ACW,0.497908436
20,2,1,COKE,0.178976562
20,2,1,SR,0.459601388
20,2,1,DR,0.251807252
20,2,1,ACW,0.448464694
20,2,1,COKE,0.15655984
20,2,1,SR,0.461532645
20,2,1,DR,0.292535215
20,2,1,ACW,0.652634225
20,2,1,COKE,0.176358899
20,2,1,SR,0.433479825
20,2,1,DR,0.280906248
20,2,1,ACW,0.204429137
20,2,1,COKE,0.232605915
20,2,1,SR,0.295262441
20,2,1,DR,0.201772276
20,2,1,ACW,0.478670382
20,2,1,COKE,0.139921273
20,2,1,SR,0.612665793
20,2,1,DR,0.225386176
20,2,1,ACW,0.495090929
20,2,1,COKE,0.163614003
20,2,1,SR,0.347358092
20,2,1,DR,0.360835256
20,2,1,ACW,0.495781951
20,2,1,COKE,0.143530407
20,2,1,SR,0.664143501
20,2,1,DR,0.254212489
20,2,1,ACW,4.153242457
20,2,1,COKE,0.244442559
20,2,1,SR,0.436528849
20,2,1,DR,0.31613701
20,2,1,ACW,0.605753254
20,2,1,COKE,0.144027378
20,2,1,SR,0.306491779
20,2,1,DR,0.236623628
20,2,1,ACW,1.369797941
20,2,1,COKE,0.144074876
20,2,1,SR,0.468809202
20,2,1,DR,0.204230763
20,2,1,ACW,0.418667131
20,2,1,COKE,0.186786335
20,2,1,SR,0.394378313
20,2,1,DR,0.257834726
20,2,1,ACW,0.618113744
20,2,1,COKE,0.184859131
20,2,1,SR,0.516161425
20,2,1,DR,0.161299413
20,2,1,ACW,0.574658156
20,2,1,COKE,0.18410433
20,2,1,SR,0.466526754
20,2,1,DR,0.211090463
20,2,1,ACW,21.95570179
20,2,1,COKE,0.179862789
20,2,1,SR,0.682363541
20,2,1,DR,0.209057271
20,2,1,ACW,0.834360263
20,2,1,COKE,0.170588867
20,2,1,SR,0.736756566
20,2,1,DR,0.27931904
20,2,1,ACW,1.269194108
20,2,1,COKE,0.348162687
20,2,1,SR,0.39658314
20,2,1,DR,0.277483345
20,2,1,ACW,0.341385076
20,2,1,COKE,0.193910918
20,2,1,SR,0.32753737
20,2,1,DR,0.302561201
20,2,1,ACW,2.715004706
20,2,1,COKE,0.129128264
20,2,1,SR,0.471443739
20,2,1,DR,0.393314315
20,2,1,ACW,0.287066413
20,2,1,COKE,0.179980649
20,2,1,SR,0.272718945
20,2,1,DR,0.297351006
20,2,1,ACW,5.84588872
20,2,1,COKE,0.171638695
20,2,1,SR,0.231829618
20,2,1,DR,0.461332026
20,2,1,ACW,0.514524641
20,2,1,COKE,0.205237062
20,2,1,SR,0.432010152
20,2,1,DR,0.301285816
20,2,1,ACW,15.89339621
20,2,1,COKE,0.223488049
20,2,1,SR,0.483697119
20,2,1,DR,0.369854984
20,2,1,ACW,3.266607152
20,2,1,COKE,0.165896387
20,2,1,SR,0.486964463
20,2,1,DR,0.270493261
20,2,1,ACW,1.135281346
20,2,1,COKE,0.230801293
20,2,1,SR,0.46132393
20,2,1,DR,0.340235291
20,2,1,ACW,0.318498884
20,2,1,COKE,0.191936504
20,2,1,SR,0.39461859
20,2,1,DR,0.206668161
20,2,1,ACW,2.075372744
20,2,1,COKE,0.217924948
20,2,1,SR,0.268758373
20,2,1,DR,0.249011536
20,2,1,ACW,0.389346462
20,2,1,COKE,0.143287418
20,2,1,SR,0.441649836
20,2,1,DR,0.379580455
20,2,1,ACW,13.54588772
20,2,1,COKE,0.153442952
20,2,1,SR,0.521572448
20,2,1,DR,0.195232472
20,2,1,ACW,0.982079776
20,2,1,COKE,0.263308422
20,2,1,SR,0.464040677
20,2,1,DR,0.189892448
20,2,1,ACW,1.167208765
20,2,1,COKE,0.223033095
20,2,1,SR,0.216958527
20,2,1,DR,0.350865848
20,2,1,ACW,0.316503974
20,2,1,COKE,0.166508017
20,2,1,SR,0.487019278
20,2,1,DR,0.418741958
20,2,1,ACW,0.986635166
20,2,1,COKE,0.140487401
20,2,1,SR,0.363400012
20,2,1,DR,0.311409222
20,2,1,ACW,0.48133307
20,2,1,COKE,0.215896358
20,2,1,SR,0.750918719
20,2,1,DR,0.274525428
20,2,1,ACW,0.651664061
20,2,1,COKE,0.337388791
20,2,1,SR,0.382855827
20,2,1,DR,0.507824031
20,2,1,ACW,0.498606527
20,2,1,COKE,0.163686556
20,2,1,SR,0.552659982
20,2,1,DR,0.279844761
20,2,1,ACW,3.022177497
20,2,1,COKE,0.269861382
20,2,1,SR,0.388799884
20,2,1,DR,0.310941284
20,2,1,ACW,0.166251225
20,2,1,COKE,0.157200616
20,2,1,SR,0.483775652
20,2,1,DR,0.173995781
20,2,1,ACW,6.369718637
20,2,1,COKE,0.299627329
20,2,1,SR,0.39525741
20,2,1,DR,0.357213786
20,2,1,ACW,0.172215233
20,2,1,COKE,0.165584461
20,2,1,SR,0.412727281
20,2,1,DR,0.35180056
20,2,1,ACW,0.484630482
20,2,1,COKE,0.167121488
20,2,1,SR,0.311935219
20,2,1,DR,0.248581951
20,2,1,ACW,0.477483905
20,2,1,COKE,0.15272287
20,2,1,SR,0.417119634
20,2,1,DR,0.416231546
20,2,1,ACW,0.48148492
20,2,1,COKE,0.194075791
25,2,1,SR,0.323313074
25,2,1,DR,0.266838307
25,2,1,ACW,0.48418786
25,2,1,COKE,0.201702028
25,2,1,SR,0.286481728
25,2,1,DR,0.326765022
25,2,1,ACW,0.910710848
25,2,1,COKE,0.160858798
25,2,1,SR,0.45533053
25,2,1,DR,0.238368878
25,2,1,ACW,0.232644696
25,2,1,COKE,0.197190179
25,2,1,SR,0.649763925
25,2,1,DR,0.341208679
25,2,1,ACW,1.224159458
25,2,1,COKE,0.223410919
25,2,1,SR,0.589821771
25,2,1,DR,0.272779158
25,2,1,ACW,0.124228551
25,2,1,COKE,0.217953288
25,2,1,SR,0.701655283
25,2,1,DR,0.389772779
25,2,1,ACW,0.469356541
25,2,1,COKE,0.248036216
25,2,1,SR,0.375794878
25,2,1,DR,0.260556285
25,2,1,ACW,9.024503556
25,2,1,COKE,0.180754912
25,2,1,SR,0.455436418
25,2,1,DR,0.210375499
25,2,1,ACW,0.710891422
25,2,1,COKE,0.155319946
25,2,1,SR,0.589524072
25,2,1,DR,0.333886346
25,2,1,ACW,30.15444011
25,2,1,COKE,0.261040874
25,2,1,SR,0.241782383
25,2,1,DR,0.311763648
25,2,1,ACW,0.25532105
25,2,1,COKE,0.218568342
25,2,1,SR,0.38389159
25,2,1,DR,0.406350796
25,2,1,ACW,3.909506985
25,2,1,COKE,0.16469663
25,2,1,SR,0.585074968
25,2,1,DR,0.308211712
25,2,1,ACW,1.97006517
25,2,1,COKE,0.249212439
25,2,1,SR,0.471877336
25,2,1,DR,0.251816597
25,2,1,ACW,0.380719465
25,2,1,COKE,0.246824286
25,2,1,SR,0.722416335
25,2,1,DR,0.506924589
25,2,1,ACW,0.496407517
25,2,1,COKE,0.209021249
25,2,1,SR,0.293246117
25,2,1,DR,0.356234894
25,2,1,ACW,1.899423261
25,2,1,COKE,0.15004797
25,2,1,SR,0.336208626
25,2,1,DR,0.37657831
25,2,1,ACW,0.363925441
25,2,1,COKE,0.203079604
25,2,1,SR,0.523126547
25,2,1,DR,0.372224937
25,2,1,ACW,0.258655494
25,2,1,COKE,0.225050454
25,2,1,SR,0.531997545
25,2,1,DR,0.33016388
25,2,1,ACW,7.751214732
25,2,1,COKE,0.186388205
25,2,1,SR,0.548667354
25,2,1,DR,0.261683475
25,2,1,ACW,0.471133666
25,2,1,COKE,0.213198356
25,2,1,SR,0.366292017
25,2,1,DR,0.352801193
25,2,1,ACW,3.03688193
25,2,1,COKE,0.27133738
25,2,1,SR,0.457240055
25,2,1,DR,0.248987843
25,2,1,ACW,9.867016243
25,2,1,COKE,0.21557927
25,2,1,SR,0.513499753
25,2,1,DR,0.467350601
25,2,1,ACW,13.90096927
25,2,1,COKE,0.17421706
25,2,1,SR,0.470481211
25,2,1,DR,0.352736106
25,2,1,ACW,0.480287984
25,2,1,COKE,0.159145873
25,2,1,SR,0.603227753
25,2,1,DR,0.295229738
25,2,1,ACW,0.496870956
25,2,1,COKE,0.196435255
25,2,1,SR,0.476389619
25,2,1,DR,0.421605116
25,2,1,ACW,0.391904805
25,2,1,COKE,0.19985785
25,2,1,SR,0.43020485
25,2,1,DR,0.346980099
25,2,1,ACW,0.205076707
25,2,1,COKE,0.210349189
25,2,1,SR,0.479955371
25,2,1,DR,0.321186971
25,2,1,ACW,1.029468754
25,2,1,COKE,0.16114052
25,2,1,SR,0.43053403
25,2,1,DR,0.273507238
25,2,1,ACW,0.616274439
25,2,1,COKE,0.158834662
25,2,1,SR,0.772640544
25,2,1,DR,0.25541438
25,2,1,ACW,0.30665721
25,2,1,COKE,0.312243294
25,2,1,SR,0.348410192
25,2,1,DR,0.368962636
25,2,1,ACW,0.491397704
25,2,1,COKE,0.171662037
25,2,1,SR,0.749065955
25,2,1,DR,0.262999906
25,2,1,ACW,0.319094413
25,2,1,COKE,0.189667394
25,2,1,SR,0.335344559
25,2,1,DR,0.482435418
25,2,1,ACW,2.441537433
25,2,1,COKE,0.227394147
25,2,1,SR,0.595005989
25,2,1,DR,0.341034453
25,2,1,ACW,6.040489673
25,2,1,COKE,0.209159832
25,2,1,SR,0.276357289
25,2,1,DR,0.459461346
25,2,1,ACW,0.457985594
25,2,1,COKE,0.150934089
25,2,1,SR,0.479751737
25,2,1,DR,0.202858506
25,2,1,ACW,0.713982192
25,2,1,COKE,0.19527151
25,2,1,SR,0.491463501
25,2,1,DR,0.434411036
25,2,1,ACW,1.351984808
25,2,1,COKE,0.203010016
25,2,1,SR,0.721603456
25,2,1,DR,0.460389217
25,2,1,ACW,0.49532644
25,2,1,COKE,0.151980897
25,2,1,SR,0.815147872
25,2,1,DR,0.238628853
25,2,1,ACW,0.246637746
25,2,1,COKE,0.25241172
25,2,1,SR,0.335778376
25,2,1,DR,0.33559202
25,2,1,ACW,4.52605898
25,2,1,COKE,0.141806461
25,2,1,SR,0.536364072
25,2,1,DR,0.36689199
25,2,1,ACW,0.222922946
25,2,1,COKE,0.287136162
25,2,1,SR,0.484296443
25,2,1,DR,0.475986896
25,2,1,ACW,0.504223972
25,2,1,COKE,0.191637742
25,2,1,SR,0.778958132
25,2,1,DR,0.427853201
25,2,1,ACW,0.479339438
25,2,1,COKE,0.283434633
25,2,1,SR,0.555386051
25,2,1,DR,0.258536508
25,2,1,ACW,1.529634641
25,2,1,COKE,0.223519844
25,2,1,SR,0.334649673
25,2,1,DR,0.521827683
25,2,1,ACW,4.100501756
25,2,1,COKE,0.188690123
25,2,1,SR,0.725368506
25,2,1,DR,0.326735932
25,2,1,ACW,0.169398958
25,2,1,COKE,0.256975839
25,2,1,SR,0.484982852
25,2,1,DR,0.284461333
25,2,1,ACW,7.234323677
25,2,1,COKE,0.184605299
25,2,1,SR,0.429389043
25,2,1,DR,0.279776696
25,2,1,ACW,0.293419434
25,2,1,COKE,0.191299572
25,2,1,SR,0.296751699
25,2,1,DR,0.329182452
25,2,1,ACW,0.413519432
25,2,1,COKE,0.148966
25,2,1,SR,0.427556179
25,2,1,DR,0.359344323
25,2,1,ACW,0.510487027
25,2,1,COKE,0.228602791
25,2,1,SR,0.616096407
25,2,1,DR,0.52332991
25,2,1,ACW,1.550001078
25,2,1,COKE,0.152121506
25,2,1,SR,0.435963238
25,2,1,DR,0.655455738
25,2,1,ACW,12.07672221
25,2,1,COKE,0.152806884
25,2,1,SR,0.497695645
25,2,1,DR,0.273173444
25,2,1,ACW,0.286120681
25,2,1,COKE,0.265752243
25,2,1,SR,0.298731438
25,2,1,DR,0.306041368
25,2,1,ACW,1.602099484
25,2,1,COKE,0.160528894
25,2,1,SR,0.243037627
25,2,1,DR,0.333072816
25,2,1,ACW,0.179286655
25,2,1,COKE,0.126220037
25,2,1,SR,0.652843061
25,2,1,DR,0.247791989
25,2,1,ACW,0.446236171
25,2,1,COKE,0.178439379
25,2,1,SR,0.3163316
25,2,1,DR,0.315127544
25,2,1,ACW,0.997743975
25,2,1,COKE,0.203982606
25,2,1,SR,0.368177581
25,2,1,DR,0.370850087
25,2,1,ACW,1.921686234
25,2,1,COKE,0.18132603
25,2,1,SR,0.604944827
25,2,1,DR,0.416158365
25,2,1,ACW,0.349137377
25,2,1,COKE,0.194563574
25,2,1,SR,0.508709727
25,2,1,DR,0.374885032
25,2,1,ACW,6.216658664
25,2,1,COKE,0.339315847
25,2,1,SR,0.555447593
25,2,1,DR,0.437179338
25,2,1,ACW,0.477248165
25,2,1,COKE,0.176865518
25,2,1,SR,0.530581397
25,2,1,DR,0.277765741
25,2,1,ACW,2.420659121
25,2,1,COKE,0.271585102
25,2,1,SR,0.525270054
25,2,1,DR,0.234542646
25,2,1,ACW,2.615812094
25,2,1,COKE,0.216937527
25,2,1,SR,0.433616764
25,2,1,DR,0.237631275
25,2,1,ACW,0.412124973
25,2,1,COKE,0.243016973
25,2,1,SR,0.75667502
25,2,1,DR,0.296750732
25,2,1,ACW,2.482084633
25,2,1,COKE,0.360912047
25,2,1,SR,0.330081278
25,2,1,DR,0.357860868
25,2,1,ACW,0.343058262
25,2,1,COKE,0.153269874
25,2,1,SR,0.475997612
25,2,1,DR,0.19683682
25,2,1,ACW,3.394265813
25,2,1,COKE,0.297363623
25,2,1,SR,0.402626788
25,2,1,DR,0.30846356
25,2,1,ACW,0.450815159
25,2,1,COKE,0.245663251
25,2,1,SR,0.507684161
25,2,1,DR,0.287941219
25,2,1,ACW,0.36328137
25,2,1,COKE,0.184205154
25,2,1,SR,0.465153921
25,2,1,DR,0.29719586
25,2,1,ACW,0.475550387
25,2,1,COKE,0.146745229
25,2,1,SR,0.40802508
25,2,1,DR,0.3928908
25,2,1,ACW,0.490333673
25,2,1,COKE,0.154564438
25,2,1,SR,0.654876665
25,2,1,DR,0.366056951
25,2,1,ACW,0.81698005
25,2,1,COKE,0.281229652
25,2,1,SR,0.370043418
25,2,1,DR,0.307250491
25,2,1,ACW,0.595766376
25,2,1,COKE,0.166380122
25,2,1,SR,0.92262121
25,2,1,DR,0.227432814
25,2,1,ACW,0.428036261
25,2,1,COKE,0.375433915
25,2,1,SR,0.437064652
25,2,1,DR,0.295945981
25,2,1,ACW,0.22640234
25,2,1,COKE,0.158309191
25,2,1,SR,0.397842947
25,2,1,DR,0.402056163
25,2,1,ACW,0.268107345
25,2,1,COKE,0.221331528
25,2,1,SR,0.565004022
25,2,1,DR,0.312410984
25,2,1,ACW,0.643710612
25,2,1,COKE,0.248099821
25,2,1,SR,0.7091277
25,2,1,DR,0.307239523
25,2,1,ACW,1.921858548
25,2,1,COKE,0.238302127
25,2,1,SR,0.665393067
25,2,1,DR,0.365427892
25,2,1,ACW,0.63844389
25,2,1,COKE,0.183967581
25,2,1,SR,0.420490454
25,2,1,DR,0.312001922
25,2,1,ACW,11.95072311
25,2,1,COKE,0.130166132
25,2,1,SR,0.435336981
25,2,1,DR,0.429726704
25,2,1,ACW,43.80039313
25,2,1,COKE,0.208364314
25,2,1,SR,0.436074442
25,2,1,DR,0.218311326
25,2,1,ACW,25.20169901
25,2,1,COKE,0.248713895
25,2,1,SR,0.427818896
25,2,1,DR,0.201686752
25,2,1,ACW,0.504123926
25,2,1,COKE,0.222669279
25,2,1,SR,0.313759817
25,2,1,DR,0.337364736
25,2,1,ACW,0.379071969
25,2,1,COKE,0.169687764
25,2,1,SR,0.283079975
25,2,1,DR,0.261790105
25,2,1,ACW,0.55500906
25,2,1,COKE,0.153988067
25,2,1,SR,0.419086474
25,2,1,DR,0.429862867
25,2,1,ACW,4.411796507
25,2,1,COKE,0.148481527
25,2,1,SR,0.304738841
25,2,1,DR,0.31652557
25,2,1,ACW,0.489772015
25,2,1,COKE,0.13722447
25,2,1,SR,0.487612378
25,2,1,DR,0.254632213
25,2,1,ACW,0.490626385
25,2,1,COKE,0.201766202
25,2,1,SR,0.791337366
25,2,1,DR,0.290097383
25,2,1,ACW,0.788862791
25,2,1,COKE,0.210761442
25,2,1,SR,0.528518359
25,2,1,DR,0.300368486
25,2,1,ACW,17.30695068
25,2,1,COKE,0.19039618
25,2,1,SR,0.481723897
25,2,1,DR,0.288459349
25,2,1,ACW,8.946736963
25,2,1,COKE,0.180310694
25,2,1,SR,0.543329975
25,2,1,DR,0.239030064
25,2,1,ACW,0.751212724
25,2,1,COKE,0.303650211
25,2,1,SR,0.393691585
25,2,1,DR,0.304120506
25,2,1,ACW,0.22416346
25,2,1,COKE,0.176037308
25,2,1,SR,0.582414292
25,2,1,DR,0.339853448
25,2,1,ACW,3.246557115
25,2,1,COKE,0.183423786
25,2,1,SR,0.337123799
25,2,1,DR,0.307181227
25,2,1,ACW,0.48546449
25,2,1,COKE,0.204960825
25,2,1,SR,0.629775267
25,2,1,DR,0.406029113
25,2,1,ACW,4.605014484
25,2,1,COKE,0.203449654
25,2,1,SR,0.513792775
25,2,1,DR,0.284378174
25,2,1,ACW,0.19909783
25,2,1,COKE,0.245990003
25,2,1,SR,0.532467166
25,2,1,DR,0.262288633
25,2,1,ACW,137.2237516
25,2,1,COKE,0.204562645
25,2,1,SR,0.588361732
25,2,1,DR,0.376772863
25,2,1,ACW,0.377693211
25,2,1,COKE,0.234363146
25,2,1,SR,0.385976707
25,2,1,DR,0.372901403
25,2,1,ACW,0.466064284
25,2,1,COKE,0.154443951
25,2,1,SR,0.672001504
25,2,1,DR,0.371997252
25,2,1,ACW,0.416366914
25,2,1,COKE,0.232966061
